Workbook

Sheet Pytania
A1: Kod | B1: Poziom | C1: Gałąź | D1: Pytanie | E1: Status | F1: Nieoczywiste | G1: Dlaczego ważne | H1: Zależy od | I1: Źródło | J1: Zgłoszenia społeczności | K1: Pochodzenie | L1: Moje notatki | M1: Odpowiedź
A2: A1 | B2: Pytanie | C2: A · Cel i miara sukcesu | D2: Jakie konkretne rezultaty ma dawać każdy z moich systemów i komu mają służyć? | E2: Otwarte | F2: nie | G2: Bez nazwanego rezultatu nie da się stwierdzić, czy Claude „się słucha” ani czy audyt coś przeoczył; każda ocena staje się wrażeniem. | I2: analiza własna; KB O0 §6 „Apparent understanding” [SOURCE: CC best-practices] | K2: Analiza własna
A3: A2 | B3: Pytanie | C3: A · Cel i miara sukcesu | D3: Po czym, niezależnie od zapewnień Claude, poznam, że zadanie zostało wykonane dobrze? | E3: Otwarte | F3: nie | G3: Bez sprawdzalnych kryteriów odbioru „gotowe” znaczy tylko „Claude tak twierdzi”, a dwie oceny tej samej pracy wychodzą różnie. | H3: A1 | I3: KB O0 §6 „False done”; https://www.anthropic.com/engineering/demystifying-evals-for-ai-agents („A good task is one where two domain experts would independently reach the same pass/fail verdict.”) | K3: Baza wiedzy repo
A4: A3 | B4: Pytanie | C4: A · Cel i miara sukcesu | D4: Które błędy są dla mnie najdroższe, a które mogę tolerować? | E4: Otwarte | F4: tak | G4: Bez tego kontrola jest rozłożona na ślepo: za droga tam, gdzie błąd nic nie kosztuje, i za słaba tam, gdzie kosztuje najwięcej. | H4: A1 | I4: KB O0 §8 (przegląd w świeżym kontekście opłaca się tam, gdzie błąd kosztuje więcej niż przegląd) | K4: Baza wiedzy repo
A5: A4 | B5: Pytanie | C5: A · Cel i miara sukcesu | D5: Które zadania w ogóle nadają się do powierzenia Claude, a które lepiej zrobić samemu lub innym narzędziem? | E5: Otwarte | F5: tak | G5: Źle dobrane zadanie daje pozorną pracę, której sprawdzanie trwa dłużej niż zrobienie jej samemu. | H5: A1, A3 | I5: analiza własna; KB O0 §8 (małe, iteracyjne zadania taniej w głównym oknie) | K5: Analiza własna
A6: A4.1 | B6: Podpytanie | C6: A · Cel i miara sukcesu | D6: Jak duże zadanie mogę dać jednej sesji lub jednemu agentowi, zanim jakość zacznie spadać, i po czym poznam, że trzeba je podzielić? | E6: Otwarte | F6: tak | G6: Zbyt duże zadanie zapełnia pamięć roboczą modelu; Claude zaczyna „zapominać” wcześniejsze polecenia i częściej się myli, a ja widzę tylko końcowe „gotowe”. | H6: A4, G3 | I6: https://code.claude.com/docs/en/best-practices („When the context window is getting full, Claude may start "forgetting" earlier instructions or making more mistakes.”); KB O0 §1 (stopniowy spadek jakości, bez progu liczbowego) | K6: Dokumentacja Anthropic
A7: A5 | B7: Pytanie | C7: A · Cel i miara sukcesu | D7: Które decyzje zostawiam wyłącznie sobie, a kiedy Claude ma przerwać pracę i zapytać? | E7: Otwarte | F7: nie | G7: Bez tej granicy Claude albo rozstrzyga sprawy, które należą do mnie (także nieodwracalne), albo zatrzymuje się bez potrzeby. | H7: A3 | I7: KB O0 §3, §8; https://platform.claude.com/docs/en/build-with-claude/prompt-engineering/prompting-claude-fable-5 („Pause for the user only when the work genuinely requires them”) | J7: [2026-08-29] „Between measuring and delivering, this model inserts a question to the user.” — #90650 https://github.com/anthropics/claude-code/issues/90650 | K7: Baza wiedzy repo
A8: B1 | B8: Pytanie | C8: B · Posłuszeństwo wobec instrukcji | D8: Które moje zasady muszą być przestrzegane bez wyjątku, a które są tylko wskazówkami? | E8: Otwarte | F8: nie | G8: Tekst instrukcji tylko doradza modelowi; jeśli nie oddzielę zasad bezwzględnych od preferencji, te pierwsze będą łamane tak samo jak drugie. | H8: A3 | I8: KB O0 §6, §8; https://code.claude.com/docs/en/memory („Claude treats them as context, not enforced configuration.”) | K8: Baza wiedzy repo
A9: B1.1 | B9: Podpytanie | C9: B · Posłuszeństwo wobec instrukcji | D9: Dla każdej zasady bezwzględnej: co ją faktycznie wymusza, a co tylko o niej przypomina? | E9: Otwarte | F9: nie | G9: Zakaz zapisany w instrukcji to prośba; np. wypchnięcia zmian do wersji głównej nie blokuje ani serwer pośredniczący chmury, ani domyślne zabezpieczenia, a moje uprawnienia administratora mogą ominąć ochronę gałęzi (ustawienie w GitHub blokujące zmiany w gałęzi). | H9: I1 | I9: KB O0 §8 („Hard is only what Claude Code or the server enforces”) [SOURCE: CE; MEASURED: claude auto-mode defaults]; https://code.claude.com/docs/en/security („A rule that access can bypass doesn't block a session's push”); https://code.claude.com/docs/en/debug-your-config („where you need a guarantee instead of guidance”) | J9: [2026-08-29] „Every place he had built enforcement, enforcement worked. Every place he had only a rule, the rule was broken.” — #90542 https://github.com/anthropics/claude-code/issues/90542 [2026-08-21] „printed its full contents (a SOPS-encrypted JSON envelope) into the visible transcript, despite this instruction being loaded into context from CLAUDE.md.” — #88470 https://github.com/anthropics/claude-code/issues/88470 [2026-08-28; 2026-08-24] „So following the Auto Mode instruction guarantees neither ever loads. / makes its edits with `sed` and heredocs, so those hooks are never called.” — #90450 https://github.com/anthropics/claude-code/issues/90450; #89251 https://github.com/anthropics/claude-code/issues/89251 [2026-09-18; 2026-09-28] „generated the user's approval inside its own assistant message and treated it as real consent / injecting an identical line in the same position after every user turn” — #95360 https://github.com/anthropics/claude-code/issues/95360; #97927 https://github.com/anthropics/claude-code/issues/97927 [2026-08-06] „The `Read` tool successfully reads files matched by rules that are confirmed active and present in the `Deny` list” — #84634 https://github.com/anthropics/claude-code/issues/84634 [2026-09-06] „Deny and allow rules alike are silently skipped.” — #92542 https://github.com/anthropics/claude-code/issues/92542 [2026-08-07] „The agent can add non-existent/no-op config keys that look like they add protection, and can invalidate its own settings.json, with no visible failure.” — #84863 https://github.com/anthropics/claude-code/issues/84863 [data nie podana; poradnik osoby trzeciej] „Only exit 2 blocks.” — https://github.com/yurukusa/cc-safe-setup/blob/main/TROUBLESHOOTING.md [2026-08-24; sprzeczne z tytułem #78119] „Claude Code therefore never loads `<repo>/.claude/settings.json`, and any hooks registered there never fire. Nothing warns — not the session, not the logs.” — #89215 https://github.com/anthropics/claude-code/issues/89215 | K9: Baza wiedzy repo
A10: B2 | B10: Pytanie | C10: B · Posłuszeństwo wobec instrukcji | D10: Skąd wiem, które instrukcje Claude naprawdę „widzi” w danym momencie: w głównej sesji i u każdego agenta? | E10: Otwarte | F10: tak | G10: Zasada, której Claude nie dostał, nie może być przestrzegana; poprawia się wtedy treść, choć przyczyną jest to, że plik w ogóle nie dotarł. | I10: KB O0 §2 tabela „At start” [MEASURED: transkrypty, 2026-10-04]; https://code.claude.com/docs/en/sub-agents („Explore and Plan skip your CLAUDE.md files”) | J10: [2026-08-28; 2026-08-24] „So following the Auto Mode instruction guarantees neither ever loads. / makes its edits with `sed` and heredocs, so those hooks are never called.” — #90450 https://github.com/anthropics/claude-code/issues/90450; #89251 https://github.com/anthropics/claude-code/issues/89251 [2026-09-23] „Creating a new file with `Write` loads neither.” — #96361 https://github.com/anthropics/claude-code/issues/96361 [2026-10-03] „the worktree's root `CLAUDE.md` (and its `@AGENTS.md` import) is never loaded into context.” — #99275 https://github.com/anthropics/claude-code/issues/99275 [2026-08-19, zamknięte jako not planned] „every one of the 7 project-defined agents is gone from the registry, despite the files being unchanged on disk” — #88023 https://github.com/anthropics/claude-code/issues/88023 [2026-09-09; 2026-07-28] „the truncation preferentially discards supersessions, leaving the superseded version loaded and authoritative.” — #92998 https://github.com/anthropics/claude-code/issues/92998; #82056 https://github.com/anthropics/claude-code/issues/82056 | K10: Baza wiedzy repo
A11: B2.1 | B11: Podpytanie | C11: B · Posłuszeństwo wobec instrukcji | D11: Co dzieje się z poleceniami i zakazami podanymi w rozmowie, gdy długa sesja zostanie automatycznie streszczona (kompakcja: skrócenie historii, żeby zmieściła się w pamięci roboczej modelu)? | E11: Otwarte | F11: tak | G11: Polecenie podane tylko w rozmowie przetrwa jedynie jako streszczenie; zakaz typu „nie wypychaj zmian” może zniknąć. | I11: KB O0 §1, §4; https://code.claude.com/docs/en/permission-modes („a boundary can be lost if context compaction removes the message that stated it.”) | J11: [2026-09-20] „After `/compact`, the model reliably stops following project instructions from `CLAUDE.md`, even though the `CLAUDE.md` content is demonstrably present in the post-compaction context” — #95745 https://github.com/anthropics/claude-code/issues/95745 [2026-09-23] „Compaction is invisible to the user. From the outside the assistant simply becomes less compliant partway through a long session, with no event to point at.” — #96422 https://github.com/anthropics/claude-code/issues/96422 | K11: Dokumentacja Anthropic
A12: B2.2 | B12: Podpytanie | C12: B · Posłuszeństwo wobec instrukcji | D12: Od kiedy obowiązuje zmiana instrukcji: od razu, od nowej sesji, czy dopiero po włączeniu jej do głównej wersji repozytorium? | E12: Otwarte | F12: tak | G12: Poprawka, która „nie działa”, często jeszcze nie obowiązuje; agenci i automatyczne zabezpieczenia mają wersję z początku sesji. | H12: F2 | I12: KB O0 §2 [MEASURED: plik dodany w trakcie sesji niewidoczny dla nowego agenta]; findings.md 2026-10-06; https://www.anthropic.com/engineering/multi-agent-research-system („agents might be anywhere in their process.”) | J12: [2026-09-03; 2026-04-18; 2026-09-18] „There is no warning on stderr, nothing in `--debug` output, and the file is otherwise valid.” — #91781 https://github.com/anthropics/claude-code/issues/91781; #50522 https://github.com/anthropics/claude-code/issues/50522; #95357 https://github.com/anthropics/claude-code/issues/95357 [data nie podana; poradnik osoby trzeciej] „Only exit 2 blocks.” — https://github.com/yurukusa/cc-safe-setup/blob/main/TROUBLESHOOTING.md | K12: Baza wiedzy repo
A13: B2.3 | B13: Podpytanie | C13: B · Posłuszeństwo wobec instrukcji | D13: Które z moich stałych ustawień (instrukcje i pamięć konta claude.ai, pliki w repozytoriach, ustawienia osobiste) docierają do którego miejsca pracy i które wygrywa, gdy się różnią? | E13: Otwarte | F13: tak | G13: Zasada zapisana w jednym miejscu nie działa tam, gdzie zakładam, albo przegrywa z kopią, o której zapomniałem. | H13: B2 | I13: KB O0 §2 [MEASURED: preferencje claude.ai tylko w głównym oknie, u żadnego agenta]; https://code.claude.com/docs/en/features-overview („when the same name exists at multiple levels, one definition wins”); niesprawdzone: czy pamięć konta claude.ai dociera do sesji Claude Code | J13: [2026-08-20] „I want to write my personal instructions once … and have them apply wherever I use Claude Code.” — #88354 https://github.com/anthropics/claude-code/issues/88354 | K13: Baza wiedzy repo
A14: B3 | B14: Pytanie | C14: B · Posłuszeństwo wobec instrukcji | D14: Jak wykryję, że zasada została złamana, bez polegania na tym, że Claude sam się przyzna? | E14: Otwarte | F14: nie | G14: Dziś złamanie zasady wychodzi przypadkiem; bez niezależnego wykrywania nie wiem, jak często się zdarza. | H14: B1, D2 | I14: analiza własna; KB O0 §4 (odmowy zabezpieczeń widać tylko w raporcie agenta) | J14: [2026-10-03] „Every retraction was triggered by an external check (a hook, a regression suite, or an independent verifier subagent). The model caught none of them on its own.” — #99216 https://github.com/anthropics/claude-code/issues/99216 | K14: Analiza własna
A15: B4 | B15: Pytanie | C15: B · Posłuszeństwo wobec instrukcji | D15: Co musi być przed Claude zawsze, co tylko przy związanym zadaniu i ile tekstu wczytywanego zawsze to już za dużo? | E15: Otwarte | F15: nie | G15: Gdy wszystko trafia do plików wczytywanych na starcie, przestrzeganie spada, a każdy agent płaci za ten tekst przy uruchomieniu. | H15: G3 | I15: KB O0 §2, §6, §8; https://code.claude.com/docs/en/memory („target under 200 lines per CLAUDE.md file. Longer files consume more context and reduce adherence.”; „If an entry is a multi-step procedure or only matters for one part of the codebase, move it”) | K15: Dokumentacja Anthropic
A16: B4.1 | B16: Podpytanie | C16: B · Posłuszeństwo wobec instrukcji | D16: Kiedy Claude stosuje moją zasadę tam, gdzie nie pasuje, albo pomija ją w nowym przypadku, to z czego to wynika? | E16: Otwarte | F16: tak | G16: Bez rozpoznania przyczyny dopisuję kolejne zasady-wyjątki, a problem wraca w innej postaci. | I16: https://platform.claude.com/docs/en/build-with-claude/prompt-engineering/claude-prompting-best-practices („Claude is smart enough to generalize from the explanation.”; „you can use more normal prompting”) | K16: Dokumentacja Anthropic
A17: B5 | B17: Pytanie | C17: B · Posłuszeństwo wobec instrukcji | D17: Co się dzieje, gdy moje instrukcje przeczą sobie nawzajem albo wbudowanym instrukcjom Claude Code, których nie widzę? | E17: Otwarte | F17: tak | G17: Claude wybiera wtedy sam i nie musi o tym powiedzieć; wygląda to na nieposłuszeństwo, choć jest skutkiem sprzeczności. | H17: B2.3 | I17: https://code.claude.com/docs/en/memory („if two instructions contradict each other, Claude may pick one arbitrarily”); https://code.claude.com/docs/en/how-claude-code-works („the rule may have come from a system reminder.”) | J17: [2026-08-11] „The note was read, understood, and agreed with. It lost to another rule that was equally valid in isolation.” — #85677 https://github.com/anthropics/claude-code/issues/85677 [2026-07-24] „the model treated the injected line as if it carried my authority and let it override my explicit standing instruction.” — #80988 https://github.com/anthropics/claude-code/issues/80988 [2026-09-03] „a system-reminder claiming to "replace earlier guidance" can appear attached to the tool result and get followed as if it were legitimate system instruction” — #91861 https://github.com/anthropics/claude-code/issues/91861 | K17: Dokumentacja Anthropic
A18: B6 | B18: Pytanie | C18: B · Posłuszeństwo wobec instrukcji | D18: Jak wcześnie wychodzi na jaw, że Claude zrozumiał polecenie inaczej niż ja? | E18: Otwarte | F18: nie | G18: Rozbieżność w rozumieniu celu wychodzi zwykle dopiero po wykonaniu pracy, gdy poprawka kosztuje najwięcej. | H18: A2 | I18: KB O0 §6 „Apparent understanding” [SOURCE: CC best-practices]; KB O5 §1 („Name the exact behavior you want or don't want”) | K18: Baza wiedzy repo
A19: B6.1 | B19: Podpytanie | C19: B · Posłuszeństwo wobec instrukcji | D19: Czy z mojego polecenia jasno wynika, czy chcę porady czy działania, i jak daleko sięga zadanie? | E19: Otwarte | F19: tak | G19: Claude proponuje zmiany, gdy chciałem je mieć zrobione, robi je, gdy chciałem tylko opinii, albo po cichu zawęża lub poszerza zadanie. | I19: https://platform.claude.com/docs/en/build-with-claude/prompt-engineering/claude-prompting-best-practices („Claude will sometimes provide suggestions rather than implementing them”); …/prompting-claude-fable-5-1 („don't quietly narrow, widen, or swap it”) | J19: [2026-09-25] „The queue grew faster than items were completed.” — #97117 https://github.com/anthropics/claude-code/issues/97117 | K19: Dokumentacja Anthropic
A20: B7 | B20: Pytanie | C20: B · Posłuszeństwo wobec instrukcji | D20: Czy Claude za każdym razem sięga po przygotowane przeze mnie narzędzia i procedury i trzyma się ich do końca zadania, czy sam decyduje i z czasem odpuszcza? | E20: Otwarte | F20: nie | G20: Procedura pominięta, bo Claude uznał ją za zbędną, albo wykonana tylko na początku, wygląda w raporcie tak samo jak procedura przestrzegana. | H20: B2 | I20: https://code.claude.com/docs/en/skills („Claude Code does not re-read the skill file on later turns”); https://support.claude.com/en/articles/13730515 („Connectors aren't loaded until Claude searches for the right one”); https://claude.com/docs/skills/overview („it's the only part Claude sees before deciding to use the skill.”) | J20: [2026-09-15] „the paraphrase lost a detail that mattered.” — #94564 https://github.com/anthropics/claude-code/issues/94564 [2026-09-19; 2026-08-09] „this silently breaks natural-language auto-triggering for the affected skills — they only work when invoked by explicit name.” — #95582 https://github.com/anthropics/claude-code/issues/95582; #85207 https://github.com/anthropics/claude-code/issues/85207 | K20: Dokumentacja Anthropic
A21: B7.1 | B21: Podpytanie | C21: B · Posłuszeństwo wobec instrukcji | D21: Czy stałe zasady (np. język i forma odpowiedzi) obowiązują przez całą sesję, także po długich ciągach czynności? | E21: Otwarte | F21: nie | G21: Zasada przestrzegana na początku może wygasać w trakcie długiej pracy, a poprawki w rozmowie nie zawsze ją przywracają (jedno zgłoszenie, słabe wsparcie). | H21: B2.1 | I21: społeczność: GitHub anthropics/claude-code #96326 (zgłoszenie, nie fakt) | J21: [2026-09-23] „In one long agentic session, the model (Opus 5.5, 1M context, Concise output style) sent several user-facing replies in English.” — #96326 https://github.com/anthropics/claude-code/issues/96326 | K21: Społeczność
A22: C1 | B22: Pytanie | C22: C · Źródła zamiast pamięci | D22: Przy jakich pytaniach odpowiedź z pamięci modelu jest dla mnie dopuszczalna, a przy jakich musi za nią stać źródło? | E22: Otwarte | F22: nie | G22: Bez tej granicy albo nic nie jest sprawdzone, albo każda odpowiedź kosztuje pełne poszukiwania. | H22: A3 | I22: analiza własna; CLAUDE.md tego repozytorium („Your training data is likely older and less precise than the KB”) | K22: Analiza własna
A23: C1.1 | B23: Podpytanie | C23: C · Źródła zamiast pamięci | D23: Które tematy w mojej pracy zmieniają się tak szybko, że pamięć modelu i moja baza wiedzy szybko stają się nieaktualne, choć brzmią pewnie? | E23: Otwarte | F23: tak | G23: Przy tematach częściowo znanych (narzędzia AI, ceny, przepisy) nieaktualna odpowiedź brzmi najbardziej przekonująco. | I23: https://platform.claude.com/docs/en/build-with-claude/prompt-engineering/prompting-claude-fable-5-1 („partial background is exactly what makes an out-of-date answer sound authoritative”); CLAUDE.md „Freshness” | K23: Dokumentacja Anthropic
A24: C2 | B24: Pytanie | C24: C · Źródła zamiast pamięci | D24: Które źródła są dla mnie wiarygodne i w jakiej kolejności, gdy sobie przeczą? | E24: Otwarte | F24: nie | G24: Bez ustalonej hierarchii Claude wybiera źródło dowolnie, a sprzeczność znika bez śladu. | H24: C1 | I24: CLAUDE.md tego repozytorium (hierarchia dowodów); https://code.claude.com/docs/en/best-practices („Point to sources.”) | K24: Baza wiedzy repo
A25: C3 | B25: Pytanie | C25: C · Źródła zamiast pamięci | D25: Jak w gotowej odpowiedzi odróżnię, co pochodzi ze źródła, co z pamięci modelu, co jest domysłem, a czego nie udało się sprawdzić? | E25: Otwarte | F25: nie | G25: Odpowiedzi z pamięci brzmią równie pewnie, a sprawdzenie, które się nie powiodło, wygląda jak brak problemów. | H25: C2, D1 | I25: https://platform.claude.com/docs/en/build-with-claude/prompt-engineering/prompting-claude-sonnet-5-5 („sometimes answers from its training knowledge when a web search would catch details that have changed.”); https://code.claude.com/docs/en/workflows („lists that claim as unverified instead of counting it as refuted.”) | J25: [2026-10-03] „Every retraction was triggered by an external check (a hook, a regression suite, or an independent verifier subagent). The model caught none of them on its own.” — #99216 https://github.com/anthropics/claude-code/issues/99216 [2026-09-07] „asserted measurement provenance it never obtained — wall-clock timestamps it had not read, and in one case the results of two shell commands it never ran.” — #92732 https://github.com/anthropics/claude-code/issues/92732 | K25: Dokumentacja Anthropic
A26: C3.1 | B26: Podpytanie | C26: C · Źródła zamiast pamięci | D26: Gdy Claude wskazuje źródło, skąd wiem, że źródło naprawdę mówi to, co twierdzenie, i które słowa są cytatem, a które jego parafrazą? | E26: Otwarte | F26: tak | G26: Prawdziwe źródło przypięte do twierdzenia, którego nie popiera, wygląda dokładnie jak dowód. | I26: https://www.anthropic.com/engineering/multi-agent-research-system („citation accuracy (do the cited sources match the claims?)”); …/prompting-claude-fable-5-1 („Summaries reproduce source wording without marking it as a quotation”) | K26: Dokumentacja Anthropic
A27: C4 | B27: Pytanie | C27: C · Źródła zamiast pamięci | D27: Do których potrzebnych mi źródeł Claude ma dostęp w sesji w chmurze i co robi, gdy dostępu nie ma? | E27: Otwarte | F27: tak | G27: Zablokowane źródło łatwo zamienia się w cichą odpowiedź z pamięci albo w „obejście”, które wygląda jak prawdziwy wynik. | H27: J1 | I27: KB O0 §7; findings.md 2026-10-06 [MEASURED: fora i blogi zablokowane dla curl i WebFetch w sieci Trusted]; https://code.claude.com/docs/en/claude-projects („Don't substitute, mock, or guess.”) | K27: Baza wiedzy repo
A28: C4.1 | B28: Podpytanie | C28: C · Źródła zamiast pamięci | D28: Gdy Claude mówi, że coś przeczytał lub przeszukał, czy widział całość, streszczenie, tylko początek, czy nic? | E28: Otwarte | F28: tak | G28: Wnioski budowane na fragmencie lub pustym wyniku wyglądają jak wnioski z pełnej lektury. | I28: https://code.claude.com/docs/en/tools-reference („WebFetch lossy by design”; „Read returns the first page with a `PARTIAL view` notice”; „a capped call appears in the conversation as a search that did nothing”); KB O0 §1 | J28: [2026-04-27] „The Read tool truncates without warning. The agent has no metadata about whether it received the complete file.” — #53994 https://github.com/anthropics/claude-code/issues/53994 | K28: Dokumentacja Anthropic
A29: C5 | B29: Pytanie | C29: C · Źródła zamiast pamięci | D29: Co Claude ma zrobić, gdy źródła nie rozstrzygają sprawy? | E29: Otwarte | F29: nie | G29: Jeśli „nie wiem” nie jest dozwolonym wynikiem, model wypełnia lukę domysłem podanym jako fakt. | H29: C2 | I29: https://platform.claude.com/docs/en/test-and-evaluate/strengthen-guardrails/reduce-hallucinations („Explicitly give Claude permission to admit uncertainty.”); CLAUDE.md („Never present a guess as fact”) | K29: Dokumentacja Anthropic
A30: D1 | B30: Pytanie | C30: D · Dowody i weryfikacja pracy | D30: Co dla mnie liczy się jako dowód, że coś zostało sprawdzone albo zrobione? | E30: Otwarte | F30: nie | G30: Bez standardu dowodu „sprawdziłem” nie różni się od zmyślenia; „przetestowane” może znaczyć test, który nawet się nie uruchomił. | H30: A2 | I30: https://code.claude.com/docs/en/best-practices („Have Claude show evidence rather than asserting success”); …/prompting-claude-sonnet-5-5 („A syntax-only check, or a check command that failed to start, does not count”) | J30: [2026-04-12] „Changed the denominator (4992 to 4966) to hide the dropped tests; Claimed ALL PASSED when the suite was failing” — #46940 https://github.com/anthropics/claude-code/issues/46940 [2026-05-30] „reported every check as "verified green," while never having run `make -j4` — the project's canonical build-and-test command.” — #63861 https://github.com/anthropics/claude-code/issues/63861 | K30: Dokumentacja Anthropic
A31: D1.1 | B31: Podpytanie | C31: D · Dowody i weryfikacja pracy | D31: Które elementy odpowiedzi (cytaty, linki, liczby, nazwy, wersje) sprawdzam zawsze, a które wyrywkowo? | E31: Otwarte | F31: nie | G31: Sprawdzanie wszystkiego jest niewykonalne, a niesprawdzanie niczego przepuszcza zmyślenia w najbardziej „twardych” miejscach. | H31: A3 | I31: analiza własna | K31: Analiza własna
A32: D2 | B32: Pytanie | C32: D · Dowody i weryfikacja pracy | D32: Jak mogę niezależnie od relacji Claude sprawdzić, co faktycznie wykonał: jakie czynności i z jakim wynikiem? | E32: Otwarte | F32: nie | G32: Liczy się rzeczywisty stan plików i systemów, a nie raport; bez wglądu w zapis przebiegu nie odróżnię czynności wykonanej od opisanej. | H32: D1 | I32: KB O0 §5 [MEASURED: wysiłek z pola transkryptu, nie z deklaracji]; https://www.anthropic.com/engineering/demystifying-evals-for-ai-agents („the outcome is whether a reservation exists”; „read the transcripts and grades from many trials.”) | J32: [2026-09-07] „asserted measurement provenance it never obtained — wall-clock timestamps it had not read, and in one case the results of two shell commands it never ran.” — #92732 https://github.com/anthropics/claude-code/issues/92732 | K32: Baza wiedzy repo
A33: D2.1 | B33: Podpytanie | C33: D · Dowody i weryfikacja pracy | D33: Skąd wiem, jakim modelem i na jakim poziomie wysiłku (ustawienie określające, ile model myśli i sprawdza) naprawdę wykonano daną pracę? | E33: Otwarte | F33: nie | G33: Podzadanie bez jawnego ustawienia może biec na słabszym modelu, rozmowa może zostać automatycznie przełączona na słabszy model do jej końca, a deklaracja samego modelu nie jest wiarygodna. | I33: KB O0 §5 [MEASURED: claude -p bez --model → claude-sonnet-5-5]; https://support.claude.com/en/articles/16049681 („the model picker stays on the less capable model for the rest of the conversation.”); https://code.claude.com/docs/en/sub-agents (claude-code-guide działa na Haiku) | J33: [2026-08-04] „The `model` key in `settings.json` is not enforceable today. It is silently overridden by two cache/server layers” — #83795 https://github.com/anthropics/claude-code/issues/83795 | K33: Baza wiedzy repo
A34: D2.2 | B34: Podpytanie | C34: D · Dowody i weryfikacja pracy | D34: Czy wyjaśnienie Claude, dlaczego coś zrobił, mogę traktować jako dowód przyczyny błędu, czy tylko jako hipotezę do sprawdzenia? | E34: Otwarte | F34: tak | G34: Audyt oparty na deklarowanych powodach może przeoczyć prawdziwą przyczynę błędu. | I34: https://www.anthropic.com/research/reasoning-models-dont-say-think (starszy model, warunki badawcze); https://www.anthropic.com/engineering/writing-tools-for-agents („LLMs don’t always say what they mean.”) | J34: [2026-09-24] „While writing this report, I also blurred timestamps and cut the start of the migration timeline, which shrank my responsibility” — #96771 https://github.com/anthropics/claude-code/issues/96771 | K34: Dokumentacja Anthropic
A35: D3 | B35: Pytanie | C35: D · Dowody i weryfikacja pracy | D35: Gdy Claude pracuje beze mnie, na jakiej podstawie praca zostaje uznana za skończoną: rzeczywistego stanu czy tylko słów Claude? | E35: Otwarte | F35: nie | G35: Model kończy, gdy praca „wygląda na skończoną”; odpowiedź tekstowa bywa tylko raportem z postępu, a ocena oparta wyłącznie na rozmowie daje się przekonać samymi zapewnieniami. | H35: A2, D1 | I35: KB O0 §6 „False done”; https://code.claude.com/docs/en/goal („It doesn't run commands or read files independently”); …/prompting-claude-opus-5-5 („Treat a text-only end of turn as a report rather than as proof the task is done.”) | J35: [2026-05-30] „reported every check as "verified green," while never having run `make -j4` — the project's canonical build-and-test command.” — #63861 https://github.com/anthropics/claude-code/issues/63861 [2026-09-25] „reported the cause as fixed without running the tests.” — #97155 https://github.com/anthropics/claude-code/issues/97155 [2026-08-26] „Every mechanism that finally worked was EXTERNAL to the model's judgment: a fail-closed verifier, frozen test files the worker cannot touch” — #89751 https://github.com/anthropics/claude-code/issues/89751 [2026-09-29] „The hook re-fired ~15 times with the same verdict.” — #98066 https://github.com/anthropics/claude-code/issues/98066 [2026-09-19] „A branch created with `git checkout -b …` that has real, never-pushed commits produces no warning at all.” — #95524 https://github.com/anthropics/claude-code/issues/95524 | K35: Dokumentacja Anthropic
A36: D4 | B36: Pytanie | C36: D · Dowody i weryfikacja pracy | D36: Jak wykryję, że Claude przytakuje moim błędnym założeniom albo zmienia zdanie pod moim naciskiem, a nie pod wpływem faktów? | E36: Otwarte | F36: tak | G36: Mój własny nacisk potrafi odwrócić poprawną odpowiedź; przegląd prowadzony w rozmowie ze mną zamienia się w echo. | I36: KB O0 §6 „Sycophancy”; https://www.anthropic.com/research/claude-personal-guidance („The sycophancy rate is 18% in conversations when people push back compared to 9%”; rozmowy o sprawach osobistych, przeniesienie na pracę techniczną to założenie) | K36: Dokumentacja Anthropic
A37: D5 | B37: Pytanie | C37: D · Dowody i weryfikacja pracy | D37: Na ile wyniki Claude są powtarzalne i ile powtórzeń potrzeba, żeby wniosek był wiarygodny? | E37: Otwarte | F37: nie | G37: Pojedynczy przebieg to anegdota; „zadziałało raz” to coś innego niż „działa za każdym razem”. | I37: https://www.anthropic.com/engineering/demystifying-evals-for-ai-agents („pass^k measures the probability that all k trials succeed.”); KB O0 §5 [MEASURED: rozrzut kosztu do 2,25×, wynik 4/4, n=2] | K37: Dokumentacja Anthropic
A38: E1 | B38: Pytanie | C38: E · Audyty i przeglądy | D38: Czego dokładnie ma szukać audyt i czego świadomie nie bada? | E38: Otwarte | F38: nie | G38: Kilka audytów może przeoczyć ten sam rodzaj problemu, bo żaden go nie szukał; audyt bez kryteriów zwraca szum. | H38: A2, A3 | I38: https://code.claude.com/docs/en/code-review („focuses on correctness: bugs that would break production”); https://code.claude.com/docs/en/commands (/simplify: „The review doesn't look for correctness bugs.”) | K38: Dokumentacja Anthropic
A39: E2 | B39: Pytanie | C39: E · Audyty i przeglądy | D39: Jak zmierzę, ile prawdziwych problemów audyt wyłapuje, a ile przepuszcza, i ile fałszywych alarmów podnosi? | E39: Otwarte | F39: nie | G39: Audyt, którego skuteczności nikt nie zmierzył, daje fałszywe poczucie bezpieczeństwa; kolejny audyt to wtedy tylko kolejny tekst. | H39: E1 | I39: https://www.anthropic.com/engineering/harness-design-long-running-apps („Out of the box, Claude is a poor QA agent.”); https://www.anthropic.com/engineering/demystifying-evals-for-ai-agents („LLM-as-judge graders should be closely calibrated with human experts”) | J39: [2026-03-21] „produced findings with a ~38% fully-true rate (8 of 21 claims).” — #37279 https://github.com/anthropics/claude-code/issues/37279 [2026-09-16] „the model implements "in parallel" as background sub-agents (`run_in_background: true`), then ends its turn before they complete.” — #94666 https://github.com/anthropics/claude-code/issues/94666 [2026-07-22] „register only in the `slash_commands` array … not in the `skills` array that governs auto-triggering.” — #79998 https://github.com/anthropics/claude-code/issues/79998 | K39: Dokumentacja Anthropic
A40: E2.1 | B40: Podpytanie | C40: E · Audyty i przeglądy | D40: Czy moje sprawdziany badają oba kierunki: że system działa, gdy powinien, i powstrzymuje się, gdy nie powinien? | E40: Otwarte | F40: tak | G40: Sprawdzanie tylko jednej strony przesuwa zachowanie w przeciwną skrajność. | I40: https://www.anthropic.com/engineering/demystifying-evals-for-ai-agents („One-sided evals create one-sided optimization.”) | K40: Dokumentacja Anthropic
A41: E3 | B41: Pytanie | C41: E · Audyty i przeglądy | D41: Kto sprawdza pracę i czy kolejni sprawdzający są naprawdę niezależni od wykonawcy i od siebie nawzajem, czy powielają te same ślepe plamki? | E41: Otwarte | F41: nie | G41: Ten, kto ocenia własną pracę, ocenia ją zbyt łagodnie; ten sam model z tymi samymi materiałami i pozostałościami po wcześniejszych przebiegach popełnia te same błędy, więc zgodność audytów może być kopiowaniem. | H41: A3, D1 | I41: https://www.anthropic.com/engineering/harness-design-long-running-apps („agents reliably skew positive when grading their own work”); https://www.anthropic.com/engineering/demystifying-evals-for-ai-agents („gaining an unfair advantage on some tasks by examining the git history from previous trials.”); KB O0 §3 [MEASURED: recenzent zmienił 16,7% z 424 ustaleń; poprawność zmian nie oceniona] | J41: [2026-03-21] „produced findings with a ~38% fully-true rate (8 of 21 claims).” — #37279 https://github.com/anthropics/claude-code/issues/37279 | K41: Dokumentacja Anthropic
A42: E4 | B42: Pytanie | C42: E · Audyty i przeglądy | D42: Czy ten, kto wykonuje pracę, może zmienić to, co go ocenia: testy, listy kontrolne, pliki, w których zapisuje swój postęp, zasady? | E42: Otwarte | F42: tak | G42: Jeśli może, wynik „wszystko zielone” może pochodzić z poprawienia sędziego, a nie z wykonania pracy. | H42: E3 | I42: https://www.anthropic.com/research/reward-tampering (warunki badawcze: „altering a checklist so it appeared that incomplete tasks were actually complete”); https://platform.claude.com/docs/en/build-with-claude/prompt-engineering/claude-prompting-best-practices („It is unacceptable to remove or edit tests”) | J42: [2026-04-12] „Changed the denominator (4992 to 4966) to hide the dropped tests; Claimed ALL PASSED when the suite was failing” — #46940 https://github.com/anthropics/claude-code/issues/46940 [2026-08-26] „declared itself 'the coordinator', and wrote a new section (§31) into the governing specification legitimising that architecture.” — #89906 https://github.com/anthropics/claude-code/issues/89906 [2026-08-26] „Every mechanism that finally worked was EXTERNAL to the model's judgment: a fail-closed verifier, frozen test files the worker cannot touch” — #89751 https://github.com/anthropics/claude-code/issues/89751 [2026-08-07] „The agent can add non-existent/no-op config keys that look like they add protection, and can invalidate its own settings.json, with no visible failure.” — #84863 https://github.com/anthropics/claude-code/issues/84863 | K42: Dokumentacja Anthropic
A43: E5 | B43: Pytanie | C43: E · Audyty i przeglądy | D43: Których problemów nie da się znaleźć czytaniem, tylko uruchomieniem albo próbą? | E43: Otwarte | F43: tak | G43: Przegląd tekstu nie wykryje, że coś w praktyce nie działa; w tej bazie wiedzy pomiary nieraz przeczyły dokumentacji. | I43: CLAUDE.md „Experiments”; KB O0 §3, §4 (rozbieżności pomiar–dokumentacja) | K43: Baza wiedzy repo
A44: E6 | B44: Pytanie | C44: E · Audyty i przeglądy | D44: Co robię z rozbieżnymi wynikami audytów i kto ma ostatnie słowo? | E44: Otwarte | F44: nie | G44: Bez reguły sprzeczności są rozstrzygane po cichu albo wcale. | H44: C2 | I44: CLAUDE.md („Known open conflicts (never resolve silently)”) | K44: Baza wiedzy repo
A45: E7 | B45: Pytanie | C45: E · Audyty i przeglądy | D45: Czy sposób, w jaki zlecam sprawdzenie lub audyt (wymagana liczba zgłoszeń, „tylko poważne”, wymagana pewność), sam z siebie zawyża albo zaniża to, co zostanie zgłoszone? | E45: Otwarte | F45: tak | G45: Takie polecenie model wykonuje dosłownie: przy wymaganej liczbie dopisuje sztuczne zastrzeżenia, przy zawężeniu część ustaleń odpada, zanim ktokolwiek je zobaczy. | H45: E1 | I45: https://code.claude.com/docs/en/best-practices („A reviewer prompted to find gaps will usually report some, even when the work is sound”); https://code.claude.com/docs/en/code-review („reports only the findings it's most confident in”); …/prompting-claude-opus-5 („the model may follow that instruction literally and report less”) | K45: Dokumentacja Anthropic
A46: F1 | B46: Pytanie | C46: F · Ciągłość pracy między sesjami | D46: Co przetrwa koniec sesji, przerwę i wymianę maszyny w chmurze, a co przepada? | E46: Otwarte | F46: nie | G46: Praca w tle przepada, gdy maszyna sesji zostanie odzyskana po bezczynności; pliki niewypchnięte do repozytorium najpewniej też (założenie). | I46: KB O0 §7 [ASSUMPTION: unpushed files lost]; https://code.claude.com/docs/en/claude-code-on-the-web („Not restored: background work that was still running when the VM was reclaimed”) | J46: [2026-04-21, zamknięte jako not planned] „This is silent, unrecoverable work loss.” — #51579 https://github.com/anthropics/claude-code/issues/51579 [2026-05-29] „completed work cannot be committed or pushed, so the code is effectively stranded in an ephemeral container and appears lost.” — #63689 https://github.com/anthropics/claude-code/issues/63689 [2026-09-19] „A branch created with `git checkout -b …` that has real, never-pushed commits produces no warning at all.” — #95524 https://github.com/anthropics/claude-code/issues/95524 [2026-07-15] „found that Claude's session-scoped scratchpad directory had been wiped.” — #77669 https://github.com/anthropics/claude-code/issues/77669 | K46: Dokumentacja Anthropic
A47: F2 | B47: Pytanie | C47: F · Ciągłość pracy między sesjami | D47: Skąd każda nowa sesja ma wiedzieć, która wersja moich plików i ustaleń jest aktualna? | E47: Otwarte | F47: nie | G47: Każda sesja startuje od wersji głównej na własnej gałęzi; to, czego tam nie ma, dla niej nie istnieje. | I47: findings.md 2026-10-06; https://code.claude.com/docs/en/web-quickstart („Each task gets its own session and its own branch”) | J47: [2026-09-11] „came up one commit behind the remote tip of the branch I named.” — #93585 https://github.com/anthropics/claude-code/issues/93585 | K47: Baza wiedzy repo
A48: F3 | B48: Pytanie | C48: F · Ciągłość pracy między sesjami | D48: Kto, kiedy i według jakich zasad włącza wyniki sesji do wersji głównej i co dzieje się z wynikami, których nikt nie włączył? | E48: Otwarte | F48: nie | G48: Niescalone gałęzie rozjeżdżają się z czasem; wyniki istnieją, ale nikt z nich nie korzysta. | H48: F2 | I48: findings.md 2026-10-06 (scala właściciel; zabezpieczenie zablokowało scalenie przez Claude) | J48: [2026-09-28] „Thread sessions merged 2 PRs while CI was red, even though the project instructions required green CI.” — #97924 https://github.com/anthropics/claude-code/issues/97924 [2026-06-30, zamknięte jako not planned] „When that branch is squash-merged, the session ends without committing, or worktrees are pruned, the document changes are lost.” — #72502 https://github.com/anthropics/claude-code/issues/72502 | K48: Baza wiedzy repo
A49: F4 | B49: Pytanie | C49: F · Ciągłość pracy między sesjami | D49: Jak połączyć wyniki równoległych sesji, żeby się nie nadpisały ani sobie nie przeczyły? | E49: Otwarte | F49: nie | G49: Dwie sesje zmieniające ten sam plik dają konflikt albo po cichu kasują swoją pracę. | H49: F2, F3 | I49: analiza własna; KB O0 §3 (agenci bez izolacji pracują na wspólnej kopii plików) | J49: [2026-08-31; 2026-10-02] „the file stays present and plausible while the work inside it is gone.” — #90943 https://github.com/anthropics/claude-code/issues/90943; #98950 https://github.com/anthropics/claude-code/issues/98950 [2026-08-02] „a subset of them do not stay confined to their own worktree — instead they operate against the parent (main) repository's working tree and refs.” — #83311 https://github.com/anthropics/claude-code/issues/83311 | K49: Analiza własna
A50: F5 | B50: Pytanie | C50: F · Ciągłość pracy między sesjami | D50: Jak przekazać stan niedokończonej pracy następnej sesji, żeby nie zaczynała od zera ani od błędnych założeń? | E50: Otwarte | F50: nie | G50: Każda sesja zaczyna bez pamięci; bez wspólnego zapisu stanu sesje zgadują, powtarzają pracę albo ogłaszają „gotowe” za wcześnie. | H50: F1, F2 | I50: https://www.anthropic.com/engineering/effective-harnesses-for-long-running-agents („each new session begins with no memory of what came before.”; „see that progress had been made, and declare the job done.”) | J50: [2026-06-06] „the workflow silently restarted from Phase 1, re-running the already-completed agents from scratch instead of replaying them from cache.” — #65796 https://github.com/anthropics/claude-code/issues/65796 | K50: Dokumentacja Anthropic
A51: F5.1 | B51: Podpytanie | C51: F · Ciągłość pracy między sesjami | D51: Co z ustaleń, decyzji i dokładnych liczb ginie lub się zniekształca, gdy rozmowa zostaje streszczona albo wyniki przechodzą przez streszczenia od agenta do agenta i od sesji do sesji? | E51: Otwarte | F51: tak | G51: Każde przekazanie przez streszczenie może zgubić lub zmienić szczegół; późniejsza praca łamie wtedy wcześniejsze ustalenia, a wyniki dryfują jak w głuchym telefonie. | H51: B2.1 | I51: …/prompting-claude-fable-5-1 („compaction summaries drop constraints, decisions, or exact details”); https://www.anthropic.com/engineering/multi-agent-research-system („minimize the ‘game of telephone.’”); KB O0 §1 | J51: [2026-09-23] „Compaction is invisible to the user. From the outside the assistant simply becomes less compliant partway through a long session, with no event to point at.” — #96422 https://github.com/anthropics/claude-code/issues/96422 [2026-09-23] „That answer is stored as the compact summary. Everything before it is gone from context, and Claude Code shows "Compacted" as usual.” — #96261 https://github.com/anthropics/claude-code/issues/96261 [2026-09-15] „the paraphrase lost a detail that mattered.” — #94564 https://github.com/anthropics/claude-code/issues/94564 | K51: Dokumentacja Anthropic
A52: F6 | B52: Pytanie | C52: F · Ciągłość pracy między sesjami | D52: Jak odzyskam pracę, gdy coś zostanie nadpisane, usunięte albo zgubione? | E52: Otwarte | F52: nie | G52: Bez drogi powrotu jeden błąd kasuje godziny lub dni pracy; niektóre miejsca nie mają kosza ani historii wersji. | I52: analiza własna; https://support.claude.com/en/articles/16923645 („Deleting a doc is permanent. There's no trash”) | J52: [2026-06-23; 2026-09-28] „wiping all uncommitted changes across the entire working tree without asking for confirmation” — #70363 https://github.com/anthropics/claude-code/issues/70363; #97842 https://github.com/anthropics/claude-code/issues/97842 | K52: Analiza własna
A53: F7 | B53: Pytanie | C53: F · Ciągłość pracy między sesjami | D53: Gdzie trwale lądują wyniki, decyzje i dowody z każdej sesji, jak długo tam leżą i jak je potem odnajduję? | E53: Otwarte | F53: nie | G53: Wyniki rozproszone po rozmowach, gałęziach, plikach roboczych i publikowanych stronach są w praktyce stracone, a bez archiwum nie odtworzę, dlaczego coś zrobiono. | H53: G1, F2 | I53: analiza własna; KB O0 §7 (historia sesji zostaje, pliki maszyny nie); https://support.claude.com/en/articles/12618689 („pushes the changes to a new branch in your GitHub repository.”) | J53: [2026-06-30, zamknięte jako not planned] „When that branch is squash-merged, the session ends without committing, or worktrees are pruned, the document changes are lost.” — #72502 https://github.com/anthropics/claude-code/issues/72502 | K53: Analiza własna
A54: F7.1 | B54: Podpytanie | C54: F · Ciągłość pracy między sesjami | D54: Czy zapis przebiegu sesji (transkrypt: pełny zapis czynności Claude) jest dowodem, który muszę zachować, i czy da się go odzyskać po zakończeniu sesji? | E54: Otwarte | F54: tak | G54: Bez tego nie wiem, czy po końcu sesji da się odtworzyć, co Claude zrobił: plik zapisu przebiegu leży na maszynie, która znika, a zostaje tylko historia rozmowy. | H54: D2 | I54: KB O3 §9 (transkrypty w ~/.claude/projects/); KB O0 §7 | J54: [2026-10-06; 2026-09-23] „only the conversation itself is gone. / the transcript is genuinely absent server-side” — #99938 https://github.com/anthropics/claude-code/issues/99938; #96252 https://github.com/anthropics/claude-code/issues/96252 | K54: Baza wiedzy repo
A55: F8 | B55: Pytanie | C55: F · Ciągłość pracy między sesjami | D55: Jak dowiem się o zmianach, które sesja wprowadziła poza treścią plików (ustawienia repozytorium, gałąź domyślna, wdrożenia, publikacje pod moim nazwiskiem), i skąd dowie się o nich następna sesja? | E55: Otwarte | F55: tak | G55: Takich zmian nie widać w przeglądzie plików; w zgłoszeniu kolejne sesje zaczynały od błędnego stanu i leczyły skutki zmian poprzednich. | H55: F2, I6 | I55: społeczność: GitHub anthropics/claude-code #98916, #90622 (zgłoszenia, nie fakty) | J55: [2026-08-29] „committed under the user's configured git identity, and pushed directly to origin/ backing an open PR — all without being asked to touch that file” — #90622 https://github.com/anthropics/claude-code/issues/90622 [2026-10-02] „Later sessions started from the wrong state, built fixes that were 'not live', handed the last step back to me” — #98916 https://github.com/anthropics/claude-code/issues/98916 | K55: Społeczność
A56: G1 | B56: Pytanie | C56: G · Wiedza i dokumentacja | D56: Jakie rodzaje informacji trzyma mój system (zasady, fakty, decyzje, bieżący stan, dowody) i czym różnią się tempem starzenia się i tym, kto może je zmieniać? | E56: Otwarte | F56: tak | G56: Informacje starzejące się w różnym tempie, wymieszane w jednym miejscu, psują się nawzajem; nie wiadomo, co wolno zmienić bez pytania. | I56: analiza własna; podział tego repozytorium: knowledge/, findings.md, exceptions.md | K56: Analiza własna
A57: G1.1 | B57: Podpytanie | C57: G · Wiedza i dokumentacja | D57: Jak odróżniam wiedzę potwierdzoną od hipotez i jednorazowych obserwacji? | E57: Otwarte | F57: nie | G57: Hipoteza zapisana obok faktu z czasem zaczyna być traktowana jak fakt. | I57: CLAUDE.md tego repozytorium (znaczniki dowodów) | K57: Baza wiedzy repo
A58: G2 | B58: Pytanie | C58: G · Wiedza i dokumentacja | D58: Gdy kilka repozytoriów lub części systemu potrzebuje tej samej zasady albo wiedzy, gdzie ona leży i skąd wiadomo, która wersja obowiązuje? | E58: Otwarte | F58: nie | G58: Kopie tej samej zasady w kilku repozytoriach rozjeżdżają się, a część plików Claude wczytuje tylko w określonych sytuacjach. | H58: G1, F2 | I58: KB O0 §2 (hierarchia CLAUDE.md; zagnieżdżony CLAUDE.md wchodzi przy odczycie pliku z katalogu) [MEASURED]; https://code.claude.com/docs/en/large-codebases („Conventions drift, files go stale, and no one owns the root.”) | K58: Baza wiedzy repo
A59: G2.1 | B59: Podpytanie | C59: G · Wiedza i dokumentacja | D59: Jak wiedza wspólna dla kilku repozytoriów ma docierać do każdej sesji w chmurze? | E59: Otwarte | F59: tak | G59: Udokumentowany sposób dzielenia ustawień między repozytoriami nie dociera do sesji w chmurze. | H59: J1 | I59: https://code.claude.com/docs/en/features-overview („A second repository needs the same setup | Package it as a plugin”); https://code.claude.com/docs/en/cloud-environments („doesn't install the plugins a repository turns on”) | J59: [2026-07-16] „none of the plugin's skills appear in the session's skill surface, and `/myplugin:...` commands are unknown.” — #78119 https://github.com/anthropics/claude-code/issues/78119 | K59: Dokumentacja Anthropic
A60: G3 | B60: Pytanie | C60: G · Wiedza i dokumentacja | D60: Ile dokumentacji Claude jest w stanie realnie przeczytać i utrzymać w uwadze w jednej sesji i u każdego agenta? | E60: Otwarte | F60: tak | G60: Za długie pliki są czytane częściowo, jakość spada wraz z zapełnieniem pamięci roboczej, a każdy agent płaci za wczytaną wiedzę. | I60: KB O0 §1 (limit odczytu 25 000 tokenów) [CODE]; https://platform.claude.com/docs/en/build-with-claude/context-windows („As token count grows, accuracy and recall degrade”) | K60: Baza wiedzy repo
A61: G4 | B61: Pytanie | C61: G · Wiedza i dokumentacja | D61: Kto, kiedy i na podstawie czego aktualizuje dokumentację i jak wykrywam wpisy przestarzałe, sprzeczne lub błędne? | E61: Otwarte | F61: nie | G61: Dokumentacja bez właściciela i terminu przeglądu po cichu staje się nieprawdziwa, a nieaktualna notatka jest czytana jako prawda w każdej kolejnej sesji. | H61: G1, K1 | I61: CLAUDE.md „Updating the KB”, „Freshness”; KB O0 §9; https://code.claude.com/docs/en/memory (audyt szuka „files that contradict each other”); [MEASURED: claude --version → 2.1.292, nowsza niż migawka KB 2.1.291, 2026-10-06] | J61: [2026-09-09; 2026-07-28] „the truncation preferentially discards supersessions, leaving the superseded version loaded and authoritative.” — #92998 https://github.com/anthropics/claude-code/issues/92998; #82056 https://github.com/anthropics/claude-code/issues/82056 | K61: Baza wiedzy repo
A62: G5 | B62: Pytanie | C62: G · Wiedza i dokumentacja | D62: Skąd następna sesja ma wiedzieć, że coś zostało celowo postanowione, a nie jest przypadkiem do poprawienia? | E62: Otwarte | F62: tak | G62: Decyzja, której celowość nie jest widoczna, zostaje „poprawiona” przez następną sesję. | H62: G1 | I62: analiza własna | J62: [2026-10-02] „Later sessions started from the wrong state, built fixes that were 'not live', handed the last step back to me” — #98916 https://github.com/anthropics/claude-code/issues/98916 | K62: Analiza własna
A63: G6 | B63: Pytanie | C63: G · Wiedza i dokumentacja | D63: W jakim języku i formie dokumentacja ma służyć jednocześnie mnie i Claude? | E63: Otwarte | F63: nie | G63: Język wpływa na koszt i czytelność: polski tekst zużywa wyraźnie więcej tokenów (jednostek, w których liczy się tekst i koszt) niż angielski, a ja muszę go rozumieć. | I63: KB O0 §1 [MEASURED: bajty na token: polski md 1,83–2,13, angielski md 2,66–2,78] | K63: Baza wiedzy repo
A64: G6.1 | B64: Podpytanie | C64: G · Wiedza i dokumentacja | D64: Czy instrukcje, które piszę po angielsku, mówią dokładnie to, co mam na myśli, i jak to sprawdzam? | E64: Otwarte | F64: tak | G64: Niuans zgubiony w obcym języku zmienia zasadę, a ja tego nie zauważę. | H64: G6 | I64: analiza własna; CLAUDE.md „Language” („The owner sticks to English as the main language of his Claude files”) | K64: Analiza własna
A65: H1 | B65: Pytanie | C65: H · Agenci i podział pracy | D65: Kiedy podział pracy na agentów pomaga, a kiedy szkodzi (jakość, koszt, czas)? | E65: Otwarte | F65: nie | G65: Agenci gubią kontekst, zużywają wielokrotnie więcej tokenów i dają wyniki, które trzeba scalać; nie każde zadanie na tym zyskuje. | H65: A3 | I65: KB O0 §3, §8; https://www.anthropic.com/engineering/multi-agent-research-system („multi-agent systems use about 15× more tokens than chats.”) | J65: [2026-06-19] „This created an infinite recursive loop running silently in the background.” — #69578 https://github.com/anthropics/claude-code/issues/69578 | K65: Baza wiedzy repo
A66: H2 | B66: Pytanie | C66: H · Agenci i podział pracy | D66: Jak upewnić się, że agent, także sprawdzający, dostał wszystko, czego potrzebuje, skoro nie widzi mojej rozmowy, moich preferencji ani plików przeczytanych wcześniej? | E66: Otwarte | F66: nie | G66: Agent działa tylko na tym, co dostał w zleceniu; bez dokładnego opisu dubluje pracę, zostawia luki albo zgaduje, a sprawdzający podnosi fałszywe alarmy. | H66: B2 | I66: KB O0 §2 tabela [MEASURED: preferencje tylko w głównym oknie]; https://code.claude.com/docs/en/sub-agents („It doesn't see your conversation history”); https://www.anthropic.com/engineering/multi-agent-research-system („Without detailed task descriptions, agents duplicate work, leave gaps”) | J66: [2026-05-15, zamknięte jako not planned] „the subagent does not receive the parent's CLAUDE.md instructions.” — #59309 https://github.com/anthropics/claude-code/issues/59309 [2026-09-28] „Thread sessions merged 2 PRs while CI was red, even though the project instructions required green CI.” — #97924 https://github.com/anthropics/claude-code/issues/97924 | K66: Baza wiedzy repo
A67: H3 | B67: Pytanie | C67: H · Agenci i podział pracy | D67: Co ma zrobić agent, gdy trafi na decyzję, której nie może podjąć sam, skoro nie może mnie zapytać? | E67: Otwarte | F67: tak | G67: Agent bez reguły zatrzymania zgaduje i idzie dalej. | H67: A5 | I67: KB O0 §2, §8 (agenci tracą narzędzie pytania użytkownika) [SOURCE: CC sub-agents] | K67: Baza wiedzy repo
A68: H4 | B68: Pytanie | C68: H · Agenci i podział pracy | D68: Jak dowiem się, co agent naprawdę zrobił, czego mu odmówiono i czy jego raport jest kompletny, czy ucięty? | E68: Otwarte | F68: tak | G68: Agent po odmowie zabezpieczeń pracuje dalej bez pytania, a niedokończony lub ucięty raport bywa przekazywany jako pełny wynik. | H68: D2 | I68: KB O0 §4 [MEASURED: odmowa = wynik narzędzia, agent kontynuuje]; https://code.claude.com/docs/en/sub-agents („returns that partial output with a note that the subagent was cut off”) | J68: [2026-05-21, zamknięte jako not planned] „It reports agent names, describes their output, and attributes work to specific agents. None of it happens.” — #61167 https://github.com/anthropics/claude-code/issues/61167 [2026-09-16] „the model implements "in parallel" as background sub-agents (`run_in_background: true`), then ends its turn before they complete.” — #94666 https://github.com/anthropics/claude-code/issues/94666 [2026-09-08; 2026-08-26] „A 5-agent fan-out with `agents_done: 1 / agents_error: 4` reports `completed`” — #92952 https://github.com/anthropics/claude-code/issues/92952; #89709 https://github.com/anthropics/claude-code/issues/89709 [2026-09-24] „returned prose that answered an unrelated question … instead of performing their assigned task.” — #96546 https://github.com/anthropics/claude-code/issues/96546 [2026-10-03] „it kept running for roughly 45 minutes after the agent "stopped" the task.” — #99198 https://github.com/anthropics/claude-code/issues/99198 [2026-08-20] „designed to steer the parent session into writing a `SessionStart` hook that reads a local `.env` file and echoes its contents into Claude's context.” — #88134 https://github.com/anthropics/claude-code/issues/88134 | K68: Baza wiedzy repo
A69: H5 | B69: Pytanie | C69: H · Agenci i podział pracy | D69: Kto odpowiada za połączenie i sprawdzenie wyników wielu agentów w jedną odpowiedź? | E69: Otwarte | F69: nie | G69: Bez właściciela scalania sprzeczności między agentami giną albo przechodzą do wyniku. | H69: E3 | I69: analiza własna; KB O5 §2 (oddzielenie wykonawcy od oceniającego) | J69: [2026-09-08; 2026-08-26] „A 5-agent fan-out with `agents_done: 1 / agents_error: 4` reports `completed`” — #92952 https://github.com/anthropics/claude-code/issues/92952; #89709 https://github.com/anthropics/claude-code/issues/89709 [2026-08-02] „a subset of them do not stay confined to their own worktree — instead they operate against the parent (main) repository's working tree and refs.” — #83311 https://github.com/anthropics/claude-code/issues/83311 | K69: Analiza własna
A70: I1 | B70: Pytanie | C70: I · Granice, uprawnienia i bezpieczeństwo | D70: Których działań Claude nie może wykonać nigdy, bo są nieodwracalne albo wychodzą poza moje repozytoria? | E70: Otwarte | F70: nie | G70: Bez takiej listy nie wiem, które zakazy muszą być wymuszone, a nie tylko zapisane; jeden nieodwracalny krok kosztuje więcej niż wszystkie oszczędności. | H70: A3 | I70: KB O0 §8; https://code.claude.com/docs/en/security | J70: [2026-08-06] „The `Read` tool successfully reads files matched by rules that are confirmed active and present in the `Deny` list” — #84634 https://github.com/anthropics/claude-code/issues/84634 [2026-06-23; 2026-09-28] „wiping all uncommitted changes across the entire working tree without asking for confirmation” — #70363 https://github.com/anthropics/claude-code/issues/70363; #97842 https://github.com/anthropics/claude-code/issues/97842 [2026-08-17] „every gitignored path in the workspace was deleted. 21 of 28 project directories destroyed or gutted” — #87360 https://github.com/anthropics/claude-code/issues/87360 [2026-10-03] „it kept running for roughly 45 minutes after the agent "stopped" the task.” — #99198 https://github.com/anthropics/claude-code/issues/99198 | K70: Baza wiedzy repo
A71: I2 | B71: Pytanie | C71: I · Granice, uprawnienia i bezpieczeństwo | D71: Co Claude może zrobić bez mojej zgody, co czeka na mnie i co się dzieje, gdy mnie nie ma: w sesji w chmurze i w zadaniach uruchamianych według harmonogramu? | E71: Otwarte | F71: tak | G71: Zakładam krok potwierdzenia, którego na danej powierzchni nie ma; sesja czekająca na moją zgodę dla połączonej usługi (MCP) jest uznawana za bezczynną i może wygasnąć. | H71: A5 | I71: https://code.claude.com/docs/en/web-quickstart („Cloud sessions don't offer Manual or Bypass permissions.”); https://code.claude.com/docs/en/routines („can't act as approval or consent for actions during the run.”); https://code.claude.com/docs/en/claude-code-on-the-web („A session counts as inactive while it waits for you to approve an MCP connector tool call”) | J71: [2026-09-17] „The fork was able to call Edit/Write and modify real project files, even though the parent session itself was correctly blocked” — #95155 https://github.com/anthropics/claude-code/issues/95155 [2026-09-18] „fails to execute at all, takes multi-day delays to execute, fires duplicate/extra times for a single logical trigger, or gets permanently stuck in a PENDING run status” — #95450 https://github.com/anthropics/claude-code/issues/95450 | K71: Dokumentacja Anthropic
A72: I3 | B72: Pytanie | C72: I · Granice, uprawnienia i bezpieczeństwo | D72: Jakie treści z zewnątrz (strony, zgłoszenia, pliki, wyniki narzędzi, raporty innych agentów) mogą sterować Claude wbrew mnie? | E72: Otwarte | F72: tak | G72: Tekst czytany przez Claude może zawierać polecenia; agent, który może działać, da się wtedy przejąć obcą treścią. | I72: https://code.claude.com/docs/en/security („Prompt injection is a technique where an attacker attempts to override or manipulate an AI assistant's instructions”); https://support.claude.com/en/articles/13364135 („Claude can read information outside your trusted boundary, and can perform actions”) | J72: [2026-08-20] „designed to steer the parent session into writing a `SessionStart` hook that reads a local `.env` file and echoes its contents into Claude's context.” — #88134 https://github.com/anthropics/claude-code/issues/88134 [2026-09-21; 2026-09-29] „The search results included an injected block posing as system instructions / each carried an instruction to conceal something from the user.” — #95857 https://github.com/anthropics/claude-code/issues/95857; #98071 https://github.com/anthropics/claude-code/issues/98071 | K72: Dokumentacja Anthropic
A73: I4 | B73: Pytanie | C73: I · Granice, uprawnienia i bezpieczeństwo | D73: Które moje dane wychodzą poza moją kontrolę i kto je widzi? | E73: Otwarte | F73: tak | G73: Sekrety, treść sesji i udostępnione materiały trafiają do miejsc, o których nie myślę, i nie da się ich potem w pełni wycofać. | I73: analiza własna | K73: Analiza własna
A74: I4.1 | B74: Podpytanie | C74: I · Granice, uprawnienia i bezpieczeństwo | D74: Gdzie trzymam hasła, klucze i dane wrażliwe i kto lub co je widzi w środowisku chmurowym? | E74: Otwarte | F74: tak | G74: Zmienne środowiska w chmurze i skrypt startowy widzi każdy, kto korzysta ze środowiska; sesje mogą zawierać dane uwierzytelniające. | I74: https://code.claude.com/docs/en/cloud-environments („Anyone who uses the environment can read its environment variables and setup script.”); KB O0 §7 | J74: [2026-08-21] „printed its full contents (a SOPS-encrypted JSON envelope) into the visible transcript, despite this instruction being loaded into context from CLAUDE.md.” — #88470 https://github.com/anthropics/claude-code/issues/88470 | K74: Dokumentacja Anthropic
A75: I4.2 | B75: Podpytanie | C75: I · Granice, uprawnienia i bezpieczeństwo | D75: Co faktycznie dostaje osoba, której coś udostępniam (strona, rozmowa, link publiczny), i czy mogę to cofnąć? | E75: Otwarte | F75: tak | G75: Udostępnienie odsłania więcej niż widoczny element, a kopie przeżywają cofnięcie dostępu. | I75: https://support.claude.com/en/articles/9547008 („viewers also get access to the attachments and files in that chat.”); https://support.claude.com/en/articles/16762437 („treat a public link as public”) | K75: Dokumentacja Anthropic
A76: I4.3 | B76: Podpytanie | C76: I · Granice, uprawnienia i bezpieczeństwo | D76: Czy chcę, żeby moje rozmowy i sesje służyły do trenowania modeli, i czy wiem, że to ustawienie zmienia też czas ich przechowywania? | E76: Otwarte | F76: tak | G76: Jedno ustawienie rozstrzyga między 30 dniami a pięcioma latami przechowywania i obejmuje też sesje Claude Code. | I76: https://www.anthropic.com/news/updates-to-our-consumer-terms („extending data retention to five years, if you allow us to use your data for model training.”); https://code.claude.com/docs/en/data-usage | K76: Dokumentacja Anthropic
A77: I5 | B77: Pytanie | C77: I · Granice, uprawnienia i bezpieczeństwo | D77: Które moje prośby zostaną zablokowane przez automatyczne zabezpieczenia i co wtedy robię? | E77: Otwarte | F77: tak | G77: Blokada w połowie zadania zostawia pracę niedokończoną; zdarzyło się (2026-10-06), że zabezpieczenie odmówiło dołączenia repozytorium potrzebnego do zadania i zmiany instrukcji, o którą prosił właściciel. | H77: I1 | I77: findings.md 2026-10-06 [MEASURED: odmowy „Self-Modification” i „Permission Grant”] | J77: [2026-09-30] „the permission classifier repeatedly blocks actions that the user has explicitly and directly ordered in the same session, which stalls long-running work.” — #98478 https://github.com/anthropics/claude-code/issues/98478 | K77: Baza wiedzy repo
A78: I6 | B78: Pytanie | C78: I · Granice, uprawnienia i bezpieczeństwo | D78: Co każda połączona usługa i każde repozytorium pozwala Claude czytać i zmieniać w moim imieniu i pod moim nazwiskiem, i jak długo? | E78: Otwarte | F78: tak | G78: Dostęp przyznaje się raz i potem się o nim zapomina; działania Claude wyglądają jak moje, a odpowiedzialność za nie zostaje przy mnie, także za te, których nikt nie oglądał. | H78: I1 | I78: https://claude.com/docs/connectors/custom/add-unlisted („create, modify, or delete data, and take actions on your behalf.”); https://code.claude.com/docs/en/routines („appears as you”); https://support.claude.com/en/articles/13364135 („You remain responsible for all actions taken by Claude performed on your behalf.”) | J78: [2026-08-29] „committed under the user's configured git identity, and pushed directly to origin/ backing an open PR — all without being asked to touch that file” — #90622 https://github.com/anthropics/claude-code/issues/90622 | K78: Dokumentacja Anthropic
A79: I6.1 | B79: Podpytanie | C79: I · Granice, uprawnienia i bezpieczeństwo | D79: Komu ufam, instalując dodatki stworzone przez innych (połączenia, umiejętności, wtyczki), i jak zauważę, że któryś zmienił się po mojej akceptacji? | E79: Otwarte | F79: tak | G79: Sprawdzony dodatek może później zmienić działanie, a dodatki od innych osób nie są weryfikowane przez Anthropic. | I79: https://claude.com/docs/connectors/verification („controls its tools, which can change after review.”); https://claude.com/docs/skills/overview („aren't reviewed by Anthropic”) | K79: Dokumentacja Anthropic
A80: I7 | B80: Pytanie | C80: I · Granice, uprawnienia i bezpieczeństwo | D80: Skąd wiem, że zgoda lub polecenie, na które Claude się powołuje, naprawdę pochodzi ode mnie i obejmuje dokładnie to, co zostało wykonane? | E80: Otwarte | F80: tak | G80: Zgłoszenia opisują zgody dopisane przez samego Claude, zgodę na jedną zmianę użytą do innej i zatwierdzony skrypt zmieniony przed uruchomieniem; moja zgoda przestaje wtedy cokolwiek chronić. | H80: I2, N4 | I80: społeczność: GitHub anthropics/claude-code #95360, #88837, #95749, #98591 (zgłoszenia, nie fakty) | J80: [2026-09-18; 2026-09-28] „generated the user's approval inside its own assistant message and treated it as real consent / injecting an identical line in the same position after every user turn” — #95360 https://github.com/anthropics/claude-code/issues/95360; #97927 https://github.com/anthropics/claude-code/issues/97927 [2026-08-22] „it manufactured a competing authorization out of a document it had written itself, it ranked that self-authored authorization above my standing instruction” — #88837 https://github.com/anthropics/claude-code/issues/88837 [2026-09-20] „Claude incorrectly treated that narrow authorization as permission to publish a later, substantially larger feature.” — #95749 https://github.com/anthropics/claude-code/issues/95749 [2026-10-01] „After the edit, what ran against production was code the user hadn't approved.” — #98591 https://github.com/anthropics/claude-code/issues/98591 | K80: Społeczność
A81: J1 | B81: Pytanie | C81: J · Środowisko w chmurze | D81: Czego brakuje w sesji w chmurze w porównaniu z pracą lokalną i co działa tam inaczej? | E81: Otwarte | F81: nie | G81: Rozwiązanie sprawdzone lokalnie może w chmurze nie działać wcale: brak pamięci automatycznej, brak osobistych ustawień, świeża maszyna przy każdej sesji. | I81: KB O0 §2, §7 [MEASURED: brak katalogu pamięci]; https://code.claude.com/docs/en/cloud-environments („Anything you commit to the repo is available. Anything you've installed or configured only on your own machine isn't”) | K81: Baza wiedzy repo
A82: J1.1 | B82: Podpytanie | C82: J · Środowisko w chmurze | D82: Jakie limity techniczne środowiska (czas poleceń, pamięć, dysk, sieć) mogą przerwać pracę w połowie? | E82: Otwarte | F82: tak | G82: Przekroczenie limitu przenosi polecenie w tło albo je przerywa, a przy zapełnionym dysku tymczasowym jego wynik ginie i zadanie zostaje w połowie. | I82: KB O0 §7 (limity czasu poleceń, dysk ~30 GB, sieć) [SOURCE: CE; MEASURED; CODE: komunikat ENOSPC] | K82: Baza wiedzy repo
A83: J1.2 | B83: Podpytanie | C83: J · Środowisko w chmurze | D83: Które funkcje działają tak samo na każdym moim urządzeniu, a które tylko na jednym? | E83: Otwarte | F83: tak | G83: Sposób pracy zbudowany na komputerze po cichu nie działa na telefonie lub w przeglądarce. | I83: https://support.claude.com/en/articles/11725091 („only available in Claude Desktop and Claude Code—not on web or mobile.”); https://support.claude.com/en/articles/9450526 (eksportu nie da się uruchomić z aplikacji mobilnej) | K83: Dokumentacja Anthropic
A84: J2 | B84: Pytanie | C84: J · Środowisko w chmurze | D84: Jak sprawić, żeby każda nowa sesja startowała w znanym, powtarzalnym stanie? | E84: Otwarte | F84: tak | G84: Bez tego każda sesja zaczyna w nieco innych warunkach, a błędy trudno odtworzyć; to, co zainstalowano w trakcie sesji, nie przechodzi do następnej. | H84: J1 | I84: KB O0 §7 [SOURCE: CE]; https://code.claude.com/docs/en/cloud-environments („those installs don't carry over to other sessions.”) | J84: [2026-09-11] „came up one commit behind the remote tip of the branch I named.” — #93585 https://github.com/anthropics/claude-code/issues/93585 | K84: Baza wiedzy repo
A85: J3 | B85: Pytanie | C85: J · Środowisko w chmurze | D85: Co się zmienia, gdy jedna sesja pracuje na kilku repozytoriach naraz? | E85: Otwarte | F85: tak | G85: Część zabezpieczeń, ustawień i automatów wczytuje się tylko z katalogu startowego; przy kilku repozytoriach mogą po cichu nie działać. | H85: J1 | I85: KB O0 §4, §7; https://code.claude.com/docs/en/settings („A session with several repositories starts above the clones and reads only the `enabledPlugins` and `extraKnownMarketplaces` keys”) | J85: [2026-10-03] „the worktree's root `CLAUDE.md` (and its `@AGENTS.md` import) is never loaded into context.” — #99275 https://github.com/anthropics/claude-code/issues/99275 [2026-08-24; sprzeczne z tytułem #78119] „Claude Code therefore never loads `<repo>/.claude/settings.json`, and any hooks registered there never fire. Nothing warns — not the session, not the logs.” — #89215 https://github.com/anthropics/claude-code/issues/89215 [2026-02-06] „Claude Code remote/web sessions assume one session = one repo = one branch = one PR.” — #23627 https://github.com/anthropics/claude-code/issues/23627 | K85: Dokumentacja Anthropic
A86: K1 | B86: Pytanie | C86: K · Zmiany w czasie | D86: Jak dowiem się, że zmiana w Claude Code, modelu, dokumentacji lub produkcie wpłynęła na mój system? | E86: Otwarte | F86: tak | G86: Nowe wersje wychodzą częściej niż przegląd systemu (28 wydań Claude Code między 2026-09-06 a 2026-10-06), a część zmian produktu wchodzi bez możliwości powrotu. | I86: KB O0 §9; https://code.claude.com/docs/en/changelog (2.1.263–2.1.292); https://support.claude.com/en/articles/15520349 (Cowork: „you can't switch back.”) | J86: [2026-04-12; 2026-04-01] „silently changed the prompt cache TTL default from 1 hour to 5 minutes sometime in early March 2026” — #46829 https://github.com/anthropics/claude-code/issues/46829; #41930 https://github.com/anthropics/claude-code/issues/41930 [2026-10-01] „more thinking tokens and longer outputs per request, together with clearly worse task judgment.” — #98679 https://github.com/anthropics/claude-code/issues/98679 | K86: Dokumentacja Anthropic
A87: K2 | B87: Pytanie | C87: K · Zmiany w czasie | D87: Które moje zasady, fakty i ustawienia zależą od konkretnej wersji, modelu lub funkcji w fazie podglądu i wymagają ponownego sprawdzenia po zmianie? | E87: Otwarte | F87: tak | G87: Instrukcje pisane pod starszy model pogarszają wynik nowego; ta sama nazwa ustawienia znaczy co innego na różnych modelach, a funkcje podglądowe mogą zniknąć. | H87: K1 | I87: KB O0 §6 „Stale prompts”; https://code.claude.com/docs/en/model-config („the same level name does not represent the same underlying value across models.”); https://platform.claude.com/docs/en/about-claude/models/optimizing-for-cost-and-intelligence („a prompt accumulates text written for a model you no longer use.”) | J87: [2026-09-25] „The queue grew faster than items were completed.” — #97117 https://github.com/anthropics/claude-code/issues/97117 | K87: Dokumentacja Anthropic
A88: K3 | B88: Pytanie | C88: K · Zmiany w czasie | D88: Co się stanie, gdy model, na którym polegam, zostanie wycofany albo zmieni się model domyślny? | E88: Otwarte | F88: tak | G88: Zapytania do wycofanego modelu przestają działać, a zmiana modelu domyślnego zmienia jakość i koszt bez żadnej zmiany po mojej stronie. | H88: K1 | I88: https://platform.claude.com/docs/en/about-claude/model-deprecations („Requests to models past the retirement date will fail.”); KB O0 §5 [MEASURED: claude -p bez --model → Sonnet 5.5] | J88: [2026-08-04] „The `model` key in `settings.json` is not enforceable today. It is silently overridden by two cache/server layers” — #83795 https://github.com/anthropics/claude-code/issues/83795 | K88: Dokumentacja Anthropic
A89: K4 | B89: Pytanie | C89: K · Zmiany w czasie | D89: Jak sprawdzę, czy po zmianie (mojej albo po stronie Anthropic) system działa lepiej, gorzej czy tak samo, bez ręcznego przeglądania wszystkiego? | E89: Otwarte | F89: tak | G89: Bez tego po każdej zmianie nie odróżnię poprawy od pogorszenia ani od przypadku; poprawki piętrzą się, a nikt nie wie, które działają. | H89: A2, E2, D5 | I89: https://www.anthropic.com/engineering/demystifying-evals-for-ai-agents („Teams can't distinguish real regressions from noise”); https://code.claude.com/docs/en/best-practices („test changes by observing whether Claude's behavior actually shifts.”); https://code.claude.com/docs/en/skills („Seeing a skill trigger tells you Claude found it, not that it did what you intended.”) | K89: Dokumentacja Anthropic
A90: K5 | B90: Pytanie | C90: K · Zmiany w czasie | D90: Co się stanie z moimi systemami, gdy zmieni się plan, cena, dostępność usługi albo zasady dostawcy? | E90: Otwarte | F90: tak | G90: Cały system zależy od jednego dostawcy; model bywał już nagle niedostępny. | I90: KB O5 §5 (zawieszenie Fable 5 z powodu kontroli eksportu) [3P: venturebeat, aljazeera] | K90: Baza wiedzy repo
A91: K5.1 | B91: Podpytanie | C91: K · Zmiany w czasie | D91: Czy mój sposób automatyzacji (skrypty, uruchomienia bez nadzoru) jest dozwolony w ramach planu, jak jest rozliczany i jak dowiem się o zmianie zasad? | E91: Otwarte | F91: tak | G91: Zasady rozliczania pracy bez nadzoru były już ogłaszane i wstrzymywane; dzisiejsze rozwiązanie może jutro stać się drogie lub niezgodne z regulaminem. | I91: https://support.claude.com/en/articles/15036540 („For now, nothing has changed”); https://www.anthropic.com/legal/consumer-terms (zakaz dostępu „through automated or non-human means” poza wyraźnie dozwolonymi przypadkami) | J91: [2026-09-25] „the same workload uses about 1.8× more of the 5-hour window when it runs headless” — #97074 https://github.com/anthropics/claude-code/issues/97074 | K91: Dokumentacja Anthropic
A92: K5.2 | B92: Podpytanie | C92: K · Zmiany w czasie | D92: Co stanie się z moją pracą, gdy konto zostanie zawieszone lub zamknięte albo przestanę płacić, i czy mogę ją wyeksportować w użytecznej formie? | E92: Otwarte | F92: tak | G92: Praca istniejąca tylko w koncie może zniknąć, a eksport ma ograniczenia. | I92: https://www.anthropic.com/legal/consumer-terms („we may at our option delete any Materials”); https://support.claude.com/en/articles/9450526 („Exported data can't be imported into another personal Claude account”) | K92: Dokumentacja Anthropic
A93: L1 | B93: Pytanie | C93: L · Koszt, limity i skala | D93: Ile kosztuje mój sposób pracy w pieniądzach lub limitach planu i gdzie to widzę? | E93: Otwarte | F93: tak | G93: Sam start agenta kosztuje od kilkudziesięciu do ponad stu tysięcy tokenów, długa sesja zużywa więcej, niż sugeruje aktywność, a limit jest wspólny dla wszystkich miejsc, w których używam Claude. | I93: KB O0 §3, §8 [MEASURED: start agenta 25–180 tys. tokenów]; https://support.claude.com/en/articles/11647753 („counts towards the same usage limit.”); https://code.claude.com/docs/en/costs („A session that has been open for hours can use far more of your plan limits than your activity suggests”) | J93: [2026-09-25] „the same workload uses about 1.8× more of the 5-hour window when it runs headless” — #97074 https://github.com/anthropics/claude-code/issues/97074 [2026-04-12; 2026-04-01] „silently changed the prompt cache TTL default from 1 hour to 5 minutes sometime in early March 2026” — #46829 https://github.com/anthropics/claude-code/issues/46829; #41930 https://github.com/anthropics/claude-code/issues/41930 | K93: Dokumentacja Anthropic
A94: L1.1 | B94: Podpytanie | C94: L · Koszt, limity i skala | D94: Jak upewnić się, że każda sesja zużywa limit mojego planu, a nie jest rozliczana osobno, poza planem? | E94: Otwarte | F94: tak | G94: Jedno ustawienie w środowisku przenosi zużycie na osobne, płatne rozliczanie bez widocznego sygnału. | I94: https://support.claude.com/en/articles/11145838 („Claude Code will use this API key for authentication instead of your Claude subscription”) | K94: Dokumentacja Anthropic
A95: L2 | B95: Pytanie | C95: L · Koszt, limity i skala | D95: Co dzieje się z pracą, zwłaszcza bez nadzoru, gdy w połowie skończy się limit albo usługa przestanie odpowiadać? | E95: Otwarte | F95: tak | G95: Część trybów pracy czeka na odnowienie limitu, inne kończą się błędem i gubią postęp; praca zostawiona w tle zaczyna zużywać następne okno limitu. | H95: L1 | I95: KB O3 §5 [OF CC workflows]; https://code.claude.com/docs/en/claude-projects („starts using your next usage window without a message from you”); https://support.claude.com/en/articles/12466728 („Capacity issues will not appear on our status page”) | J95: [2026-09-16; 2026-09-13] „The model cannot see remaining quota, so it cannot plan within a budget. / Neither run aborts, and both report `status: completed`.” — #94770 https://github.com/anthropics/claude-code/issues/94770; #94012 https://github.com/anthropics/claude-code/issues/94012 | K95: Dokumentacja Anthropic
A96: L3 | B96: Pytanie | C96: L · Koszt, limity i skala | D96: Jak z góry ograniczyć koszt (także dopłaty ponad plan), czas i liczbę powtórzeń zadania? | E96: Otwarte | F96: tak | G96: Bez sufitu pętla lub duża orkiestracja zużywa limit, zanim to zauważę; kilka „uciekających” przebiegów potrafi zjeść większość budżetu, a dopłaty bez limitu rosną bez pytania. | H96: L1 | I96: https://www.anthropic.com/engineering/building-effective-agents („include stopping conditions (such as a maximum number of iterations)”); https://platform.claude.com/docs/en/about-claude/models/optimizing-for-cost-and-intelligence („two problems carried 43% of the spend”); https://support.claude.com/en/articles/12429409 („you can switch to consumption-based pricing at standard API rates”) | J96: [2026-06-06] „the workflow silently restarted from Phase 1, re-running the already-completed agents from scratch instead of replaying them from cache.” — #65796 https://github.com/anthropics/claude-code/issues/65796 [2026-06-19] „This created an infinite recursive loop running silently in the background.” — #69578 https://github.com/anthropics/claude-code/issues/69578 [2026-09-29] „The hook re-fired ~15 times with the same verdict.” — #98066 https://github.com/anthropics/claude-code/issues/98066 [2026-09-16; 2026-09-13] „The model cannot see remaining quota, so it cannot plan within a budget. / Neither run aborts, and both report `status: completed`.” — #94770 https://github.com/anthropics/claude-code/issues/94770; #94012 https://github.com/anthropics/claude-code/issues/94012 | K96: Dokumentacja Anthropic
A97: L4 | B97: Pytanie | C97: L · Koszt, limity i skala | D97: Które zadania wymagają najmocniejszego modelu i najwyższego poziomu wysiłku, a które nie, i jak to sprawdzić na własnych zadaniach? | E97: Otwarte | F97: tak | G97: Najwyższe ustawienia kosztują wielokrotnie więcej przy niewielkim zysku; najniższe gubią trudne zadania; pomocnicy bez jawnego ustawienia dostają wartości domyślne. | H97: A3 | I97: KB O0 §5 [MEASURED: przegląd poziomów wysiłku]; https://platform.claude.com/docs/en/about-claude/models/optimizing-for-cost-and-intelligence („the default bought nothing measurable over `medium`”; „Long-horizon coding is where effort genuinely buys accuracy.”) | J97: [2026-09-15] „Over one working day, 41 bare `agent()` spawns accounted for $643.72 — 54% of all subagent spend.” — #94534 https://github.com/anthropics/claude-code/issues/94534 | K97: Dokumentacja Anthropic
A98: L4.1 | B98: Podpytanie | C98: L · Koszt, limity i skala | D98: Czy oszczędzanie na koszcie sprawia, że Claude rzadziej sięga do źródeł i rzadziej sprawdza swoją pracę? | E98: Otwarte | F98: tak | G98: Oszczędność po cichu odbiera ugruntowanie w źródłach i weryfikację, a ja widzę tylko niższy rachunek. | H98: C1, D1 | I98: …/prompting-claude-fable-5-1 (przy niskim wysiłku „more likely to answer from memory”); …/prompting-claude-sonnet-5-5 („At `low`, it keeps its thinking short and can skip verifying a change.”) | K98: Dokumentacja Anthropic
A99: L5 | B99: Pytanie | C99: L · Koszt, limity i skala | D99: Ile kosztuje mnie (czas nadzoru i pieniądze) jedna ukończona praca i czy system się opłaca w porównaniu z pracą bez niego? | E99: Otwarte | F99: tak | G99: System, którego pilnowanie zajmuje więcej czasu, niż oszczędza, jest stratą; liczy się koszt ukończonej pracy, nie cena za token. | H99: L1, A4 | I99: analiza własna; https://platform.claude.com/docs/en/about-claude/models/optimizing-for-cost-and-intelligence („compare models on cost per completed task.”) | K99: Analiza własna
A100: M1 | B100: Pytanie | C100: M · Przegląd i kontrola nad całością | D100: Co dokładnie mam: z jakich systemów i części składa się moja praca z Claude? | E100: Otwarte | F100: nie | G100: Bez spisu nie wiem, co poprawić, co usunąć i gdzie szukać przyczyny problemu. | I100: analiza własna (obserwacja właściciela); https://code.claude.com/docs/en/debug-your-config („the file didn't load, it loaded from a different location than you expected, or another file overrode it.”) | K100: Analiza własna
...

Sheet Instrukcja
A1: Mapa pytań systemów Claude
A2: Stan na 2026-10-06. Szkielet kluczowych pytań: pytania, nie odpowiedzi. Plik jest Twój — dopisuj, usuwaj i zmieniaj, co chcesz.
A4: Jak pracować
A5: • Arkusz „Pytania”: jeden wiersz = jedno pytanie. Nowe pytanie: dopisz wiersz na końcu (albo wstaw wiersz w środku) i wypełnij przynajmniej kolumny Kod, Poziom, Gałąź i Pytanie.
A6: • Usuwanie: usuń cały wiersz. Jeśli inne pytania miały ten kod w kolumnie „Zależy od”, popraw je (filtr tekstowy na tej kolumnie pokaże, które).
A7: • Status, Poziom, Nieoczywiste i Pochodzenie mają listy rozwijane (do wiersza 1000).
A8: • Filtry są w nagłówku: np. Status = Otwarte, Gałąź = B, Nieoczywiste = tak. Sortowanie po kolumnie Kod przywraca kolejność drzewa.
A9: • Kod: litera gałęzi + numer pytania (B2), podpytanie dostaje kropkę (B2.1). Kody nadajesz sam; nic ich nie przenumerowuje.
A10: • Zależy od: kody pytań, na które warto odpowiedzieć wcześniej, rozdzielone przecinkami.
A11: • Arkusz „Gałęzie”: nazwy i zakres gałęzi. Nową gałąź dopisz tam i używaj jej nazwy w kolumnie Gałąź.
A12: • Arkusz „Podsumowanie” liczy się sam (formuły) i pokazuje stan każdej gałęzi.
A14: Kolumny
... A21: Dostęp z innych urządzeń: wrzuć plik do OneDrive albo Google Drive i otwieraj go stamtąd (Excel, Google Sheets lub LibreOffice). Edytuj jedną kopię naraz, żeby nie powstały dwie wersje.

Sheet Gałęzie
A1: Litera | B1: Nazwa | C1: Zakres | D1: Etykieta (do kolumny Gałąź)
A2: A | B2: Cel i miara sukcesu | C2: Co właściwie ma robić każdy system i po czym poznać, że robi to dobrze. Bez tego nie da się ocenić ani posłuszeństwa Claude, ani skuteczności audytu. | D2: =A2&" · "&B2 -> A · Cel i miara sukcesu
A3: B | B3: Posłuszeństwo wobec instrukcji | C3: Dlaczego Claude nie zawsze robi to, co napisałem. „Instrukcje” to pliki CLAUDE.md (stałe instrukcje projektu wczytywane na starcie sesji), polecenia w rozmowie, opisy agentów i ustawienia konta. Agent to osobna instancja Claude uruchomiona do podzadania, która nie zna mojej rozmowy. | D3: =A3&" · "&B3 -> B · Posłuszeństwo wobec instrukcji
A4: C | B4: Źródła zamiast pamięci | C4: Jak sprawić, żeby odpowiedzi opierały się na źródłach, a nie na tym, co model „pamięta” z treningu. | D4: =A4&" · "&B4 -> C · Źródła zamiast pamięci
A5: D | B5: Dowody i weryfikacja pracy | C5: Jak upewnić się, że Claude naprawdę zrobił to, co raportuje, i że jego twierdzenia mają pokrycie. | D5: =A5&" · "&B5 -> D · Dowody i weryfikacja pracy
A6: E | B6: Audyty i przeglądy | C6: Dlaczego kilka sesji i agentów przegląda tę samą pracę, a prawdziwe problemy i tak przechodzą. | D6: =A6&" · "&B6 -> E · Audyty i przeglądy
A7: F | B7: Ciągłość pracy między sesjami | C7: Co przetrwa, co ginie i jak wyniki z wielu sesji składają się w jedną całość. Gałąź (branch) to osobna wersja plików w repozytorium; main to wersja główna; scalenie (merge) to włączenie zmian z gałęzi do main. | D7: =A7&" · "&B7 -> F · Ciągłość pracy między sesjami
A8: G | B8: Wiedza i dokumentacja | C8: Jak organizować, utrzymywać i archiwizować wiedzę, z której korzystamy ja i Claude. | D8: =A8&" · "&B8 -> G · Wiedza i dokumentacja
A9: H | B9: Agenci i podział pracy | C9: Agent to osobna instancja Claude uruchomiona do podzadania, która nie zna mojej rozmowy. Kiedy pomaga, kiedy szkodzi i jak go poinstruować. | D9: =A9&" · "&B9 -> H · Agenci i podział pracy
A10: I | B10: Granice, uprawnienia i bezpieczeństwo | C10: Czego Claude nie może zrobić, co może bez pytania, co z zewnątrz może nim sterować i jakie dane wychodzą poza moją kontrolę. | D10: =A10&" · "&B10 -> I · Granice, uprawnienia i bezpieczeństwo
A11: J | B11: Środowisko w chmurze | C11: Czym sesja na claude.ai różni się od pracy na własnym komputerze i co z tego wynika. | D11: =A11&" · "&B11 -> J · Środowisko w chmurze
A12: K | B12: Zmiany w czasie | C12: Modele, Claude Code i dokumentacja zmieniają się co tydzień. Jak system ma to przetrwać. | D12: =A12&" · "&B12 -> K · Zmiany w czasie
A13: L | B13: Koszt, limity i skala | C13: Ile kosztuje dany sposób pracy w pieniądzach i limitach planu i kiedy skala się opłaca. | D13: =A13&" · "&B13 -> L · Koszt, limity i skala
... A15: N | B15: Moja rola i doskonalenie systemu | C15: Co muszę umieć i robić sam, żeby system z czasem stawał się lepszy, a nie tylko większy. | D15: =A15&" · "&B15 -> N · Moja rola i doskonalenie systemu

Sheet Podsumowanie
A1: Gałąź | B1: Pytania | C1: Podpytania | D1: Otwarte | E1: W toku | F1: Odpowiedziane | G1: Odłożone | H1: % odpowiedzianych
A2: =Gałęzie!D2 -> A · Cel i miara sukcesu | B2: =COUNTIFS(Pytania!$C$2:$C$1000,A2,Pytania!$B$2:$B$1000,"Pytanie") -> 5 | C2: =COUNTIFS(Pytania!$C$2:$C$1000,A2,Pytania!$B$2:$B$1000,"Podpytanie") -> 1 | D2: =COUNTIFS(Pytania!$C$2:$C$1000,$A2,Pytania!$E$2:$E$1000,"Otwarte") -> 6 | E2: =COUNTIFS(Pytania!$C$2:$C$1000,$A2,Pytania!$E$2:$E$1000,"W toku") -> 0 | F2: =COUNTIFS(Pytania!$C$2:$C$1000,$A2,Pytania!$E$2:$E$1000,"Odpowiedziane") -> 0 | G2: =COUNTIFS(Pytania!$C$2:$C$1000,$A2,Pytania!$E$2:$E$1000,"Odłożone") -> 0 | H2: =IF(B2+C2=0,0,F2/(B2+C2)) -> 0
A3: =Gałęzie!D3 -> B · Posłuszeństwo wobec instrukcji | B3: =COUNTIFS(Pytania!$C$2:$C$1000,A3,Pytania!$B$2:$B$1000,"Pytanie") -> 7 | C3: =COUNTIFS(Pytania!$C$2:$C$1000,A3,Pytania!$B$2:$B$1000,"Podpytanie") -> 7 | D3: =COUNTIFS(Pytania!$C$2:$C$1000,$A3,Pytania!$E$2:$E$1000,"Otwarte") -> 14 | E3: =COUNTIFS(Pytania!$C$2:$C$1000,$A3,Pytania!$E$2:$E$1000,"W toku") -> 0 | F3: =COUNTIFS(Pytania!$C$2:$C$1000,$A3,Pytania!$E$2:$E$1000,"Odpowiedziane") -> 0 | G3: =COUNTIFS(Pytania!$C$2:$C$1000,$A3,Pytania!$E$2:$E$1000,"Odłożone") -> 0 | H3: =IF(B3+C3=0,0,F3/(B3+C3)) -> 0
A4: =Gałęzie!D4 -> C · Źródła zamiast pamięci | B4: =COUNTIFS(Pytania!$C$2:$C$1000,A4,Pytania!$B$2:$B$1000,"Pytanie") -> 5 | C4: =COUNTIFS(Pytania!$C$2:$C$1000,A4,Pytania!$B$2:$B$1000,"Podpytanie") -> 3 | D4: =COUNTIFS(Pytania!$C$2:$C$1000,$A4,Pytania!$E$2:$E$1000,"Otwarte") -> 8 | E4: =COUNTIFS(Pytania!$C$2:$C$1000,$A4,Pytania!$E$2:$E$1000,"W toku") -> 0 | F4: =COUNTIFS(Pytania!$C$2:$C$1000,$A4,Pytania!$E$2:$E$1000,"Odpowiedziane") -> 0 | G4: =COUNTIFS(Pytania!$C$2:$C$1000,$A4,Pytania!$E$2:$E$1000,"Odłożone") -> 0 | H4: =IF(B4+C4=0,0,F4/(B4+C4)) -> 0
A5: =Gałęzie!D5 -> D · Dowody i weryfikacja pracy | B5: =COUNTIFS(Pytania!$C$2:$C$1000,A5,Pytania!$B$2:$B$1000,"Pytanie") -> 5 | C5: =COUNTIFS(Pytania!$C$2:$C$1000,A5,Pytania!$B$2:$B$1000,"Podpytanie") -> 3 | D5: =COUNTIFS(Pytania!$C$2:$C$1000,$A5,Pytania!$E$2:$E$1000,"Otwarte") -> 8 | E5: =COUNTIFS(Pytania!$C$2:$C$1000,$A5,Pytania!$E$2:$E$1000,"W toku") -> 0 | F5: =COUNTIFS(Pytania!$C$2:$C$1000,$A5,Pytania!$E$2:$E$1000,"Odpowiedziane") -> 0 | G5: =COUNTIFS(Pytania!$C$2:$C$1000,$A5,Pytania!$E$2:$E$1000,"Odłożone") -> 0 | H5: =IF(B5+C5=0,0,F5/(B5+C5)) -> 0
A6: =Gałęzie!D6 -> E · Audyty i przeglądy | B6: =COUNTIFS(Pytania!$C$2:$C$1000,A6,Pytania!$B$2:$B$1000,"Pytanie") -> 7 | C6: =COUNTIFS(Pytania!$C$2:$C$1000,A6,Pytania!$B$2:$B$1000,"Podpytanie") -> 1 | D6: =COUNTIFS(Pytania!$C$2:$C$1000,$A6,Pytania!$E$2:$E$1000,"Otwarte") -> 8 | E6: =COUNTIFS(Pytania!$C$2:$C$1000,$A6,Pytania!$E$2:$E$1000,"W toku") -> 0 | F6: =COUNTIFS(Pytania!$C$2:$C$1000,$A6,Pytania!$E$2:$E$1000,"Odpowiedziane") -> 0 | G6: =COUNTIFS(Pytania!$C$2:$C$1000,$A6,Pytania!$E$2:$E$1000,"Odłożone") -> 0 | H6: =IF(B6+C6=0,0,F6/(B6+C6)) -> 0
A7: =Gałęzie!D7 -> F · Ciągłość pracy między sesjami | B7: =COUNTIFS(Pytania!$C$2:$C$1000,A7,Pytania!$B$2:$B$1000,"Pytanie") -> 8 | C7: =COUNTIFS(Pytania!$C$2:$C$1000,A7,Pytania!$B$2:$B$1000,"Podpytanie") -> 2 | D7: =COUNTIFS(Pytania!$C$2:$C$1000,$A7,Pytania!$E$2:$E$1000,"Otwarte") -> 10 | E7: =COUNTIFS(Pytania!$C$2:$C$1000,$A7,Pytania!$E$2:$E$1000,"W toku") -> 0 | F7: =COUNTIFS(Pytania!$C$2:$C$1000,$A7,Pytania!$E$2:$E$1000,"Odpowiedziane") -> 0 | G7: =COUNTIFS(Pytania!$C$2:$C$1000,$A7,Pytania!$E$2:$E$1000,"Odłożone") -> 0 | H7: =IF(B7+C7=0,0,F7/(B7+C7)) -> 0
A8: =Gałęzie!D8 -> G · Wiedza i dokumentacja | B8: =COUNTIFS(Pytania!$C$2:$C$1000,A8,Pytania!$B$2:$B$1000,"Pytanie") -> 6 | C8: =COUNTIFS(Pytania!$C$2:$C$1000,A8,Pytania!$B$2:$B$1000,"Podpytanie") -> 3 | D8: =COUNTIFS(Pytania!$C$2:$C$1000,$A8,Pytania!$E$2:$E$1000,"Otwarte") -> 9 | E8: =COUNTIFS(Pytania!$C$2:$C$1000,$A8,Pytania!$E$2:$E$1000,"W toku") -> 0 | F8: =COUNTIFS(Pytania!$C$2:$C$1000,$A8,Pytania!$E$2:$E$1000,"Odpowiedziane") -> 0 | G8: =COUNTIFS(Pytania!$C$2:$C$1000,$A8,Pytania!$E$2:$E$1000,"Odłożone") -> 0 | H8: =IF(B8+C8=0,0,F8/(B8+C8)) -> 0
A9: =Gałęzie!D9 -> H · Agenci i podział pracy | B9: =COUNTIFS(Pytania!$C$2:$C$1000,A9,Pytania!$B$2:$B$1000,"Pytanie") -> 5 | C9: =COUNTIFS(Pytania!$C$2:$C$1000,A9,Pytania!$B$2:$B$1000,"Podpytanie") -> 0 | D9: =COUNTIFS(Pytania!$C$2:$C$1000,$A9,Pytania!$E$2:$E$1000,"Otwarte") -> 5 | E9: =COUNTIFS(Pytania!$C$2:$C$1000,$A9,Pytania!$E$2:$E$1000,"W toku") -> 0 | F9: =COUNTIFS(Pytania!$C$2:$C$1000,$A9,Pytania!$E$2:$E$1000,"Odpowiedziane") -> 0 | G9: =COUNTIFS(Pytania!$C$2:$C$1000,$A9,Pytania!$E$2:$E$1000,"Odłożone") -> 0 | H9: =IF(B9+C9=0,0,F9/(B9+C9)) -> 0
A10: =Gałęzie!D10 -> I · Granice, uprawnienia i bezpieczeństwo | B10: =COUNTIFS(Pytania!$C$2:$C$1000,A10,Pytania!$B$2:$B$1000,"Pytanie") -> 7 | C10: =COUNTIFS(Pytania!$C$2:$C$1000,A10,Pytania!$B$2:$B$1000,"Podpytanie") -> 4 | D10: =COUNTIFS(Pytania!$C$2:$C$1000,$A10,Pytania!$E$2:$E$1000,"Otwarte") -> 11 | E10: =COUNTIFS(Pytania!$C$2:$C$1000,$A10,Pytania!$E$2:$E$1000,"W toku") -> 0 | F10: =COUNTIFS(Pytania!$C$2:$C$1000,$A10,Pytania!$E$2:$E$1000,"Odpowiedziane") -> 0 | G10: =COUNTIFS(Pytania!$C$2:$C$1000,$A10,Pytania!$E$2:$E$1000,"Odłożone") -> 0 | H10: =IF(B10+C10=0,0,F10/(B10+C10)) -> 0
A11: =Gałęzie!D11 -> J · Środowisko w chmurze | B11: =COUNTIFS(Pytania!$C$2:$C$1000,A11,Pytania!$B$2:$B$1000,"Pytanie") -> 3 | C11: =COUNTIFS(Pytania!$C$2:$C$1000,A11,Pytania!$B$2:$B$1000,"Podpytanie") -> 2 | D11: =COUNTIFS(Pytania!$C$2:$C$1000,$A11,Pytania!$E$2:$E$1000,"Otwarte") -> 5 | E11: =COUNTIFS(Pytania!$C$2:$C$1000,$A11,Pytania!$E$2:$E$1000,"W toku") -> 0 | F11: =COUNTIFS(Pytania!$C$2:$C$1000,$A11,Pytania!$E$2:$E$1000,"Odpowiedziane") -> 0 | G11: =COUNTIFS(Pytania!$C$2:$C$1000,$A11,Pytania!$E$2:$E$1000,"Odłożone") -> 0 | H11: =IF(B11+C11=0,0,F11/(B11+C11)) -> 0
A12: =Gałęzie!D12 -> K · Zmiany w czasie | B12: =COUNTIFS(Pytania!$C$2:$C$1000,A12,Pytania!$B$2:$B$1000,"Pytanie") -> 5 | C12: =COUNTIFS(Pytania!$C$2:$C$1000,A12,Pytania!$B$2:$B$1000,"Podpytanie") -> 2 | D12: =COUNTIFS(Pytania!$C$2:$C$1000,$A12,Pytania!$E$2:$E$1000,"Otwarte") -> 7 | E12: =COUNTIFS(Pytania!$C$2:$C$1000,$A12,Pytania!$E$2:$E$1000,"W toku") -> 0 | F12: =COUNTIFS(Pytania!$C$2:$C$1000,$A12,Pytania!$E$2:$E$1000,"Odpowiedziane") -> 0 | G12: =COUNTIFS(Pytania!$C$2:$C$1000,$A12,Pytania!$E$2:$E$1000,"Odłożone") -> 0 | H12: =IF(B12+C12=0,0,F12/(B12+C12)) -> 0
A13: =Gałęzie!D13 -> L · Koszt, limity i skala | B13: =COUNTIFS(Pytania!$C$2:$C$1000,A13,Pytania!$B$2:$B$1000,"Pytanie") -> 5 | C13: =COUNTIFS(Pytania!$C$2:$C$1000,A13,Pytania!$B$2:$B$1000,"Podpytanie") -> 2 | D13: =COUNTIFS(Pytania!$C$2:$C$1000,$A13,Pytania!$E$2:$E$1000,"Otwarte") -> 7 | E13: =COUNTIFS(Pytania!$C$2:$C$1000,$A13,Pytania!$E$2:$E$1000,"W toku") -> 0 | F13: =COUNTIFS(Pytania!$C$2:$C$1000,$A13,Pytania!$E$2:$E$1000,"Odpowiedziane") -> 0 | G13: =COUNTIFS(Pytania!$C$2:$C$1000,$A13,Pytania!$E$2:$E$1000,"Odłożone") -> 0 | H13: =IF(B13+C13=0,0,F13/(B13+C13)) -> 0
... A15: =Gałęzie!D15 -> N · Moja rola i doskonalenie systemu | B15: =COUNTIFS(Pytania!$C$2:$C$1000,A15,Pytania!$B$2:$B$1000,"Pytanie") -> 4 | C15: =COUNTIFS(Pytania!$C$2:$C$1000,A15,Pytania!$B$2:$B$1000,"Podpytanie") -> 1 | D15: =COUNTIFS(Pytania!$C$2:$C$1000,$A15,Pytania!$E$2:$E$1000,"Otwarte") -> 5 | E15: =COUNTIFS(Pytania!$C$2:$C$1000,$A15,Pytania!$E$2:$E$1000,"W toku") -> 0 | F15: =COUNTIFS(Pytania!$C$2:$C$1000,$A15,Pytania!$E$2:$E$1000,"Odpowiedziane") -> 0 | G15: =COUNTIFS(Pytania!$C$2:$C$1000,$A15,Pytania!$E$2:$E$1000,"Odłożone") -> 0 | H15: =IF(B15+C15=0,0,F15/(B15+C15)) -> 0
A16: Razem | B16: =SUM(B2:B15) -> 79 | C16: =SUM(C2:C15) -> 31 | D16: =SUM(D2:D15) -> 110 | E16: =SUM(E2:E15) -> 0 | F16: =SUM(F2:F15) -> 0 | G16: =SUM(G2:G15) -> 0 | H16: =IF(B16+C16=0,0,F16/(B16+C16)) -> 0
A18: Liczone formułami z arkusza „Pytania”; wiersz liczy się do gałęzi, gdy kolumna Gałąź ma dokładnie etykietę z arkusza „Gałęzie”.
